category,DiscountRange,AvgNormalizedSalesVolume,AvgNormalizedRevenue,AvgNormalizedInventoryPerformance,AvgRating,AvgDiscountPercentage
"Computers&Accessories|Accessories&Peripherals|Keyboards,Mice&InputDevices|Keyboard&MiceAccessories|DustCovers",50%+,0.01918875326,1.94E-04,0.01580547338,3.4,0.875
Electronics|Cameras&Photography|Accessories|Film,0-10%,0.01167707432,0.001101298484,0.01189331583,4.5,0
Home&Kitchen|Kitchen&HomeAppliances|SmallKitchenAppliances|HandMixers,30-40%,0.01529604916,0.003938941604,0.01529604838,4.4,0.32
"Computers&Accessories|Printers,Inks&Accessories|Inks,Toners&Cartridges|InkjetInkRefills&Kits",50%+,0.003128843787,2.95E-04,0.003070902275,4.3,0.73
Computers&Accessories|Accessories&Peripherals|PCGamingPeripherals|GamingMice,10-20%,0.005266620542,5.42E-04,0.005169090435,4.3,0.14
Electronics|Accessories|MemoryCards|MicroSD,40-50%,0.2131326308,0.03329820173,0.2146485516,4.416666667,0.4516666667
"Home&Kitchen|Kitchen&HomeAppliances|Vacuum,Cleaning&Ironing|Irons,Steamers&Accessories|Irons|DryIrons",40-50%,0.02206011426,0.00245772528,0.02091825662,4.088888889,0.4566666667
"Home&Kitchen|Heating,Cooling&AirQuality|WaterHeaters&Geysers|InstantWaterHeaters",20-30%,0.04881793338,0.01385243985,0.05194429787,4.233333333,0.2833333333
Computers&Accessories|ExternalDevices&DataStorage|ExternalHardDisks,30-40%,0.01604247783,0.001808355265,0.01574539431,4.3,0.35
Electronics|Mobiles&Accessories|MobileAccessories|Cases&Covers|BasicCases,30-40%,0.00412220035,0.001132338276,0.004045863632,4.3,0.38
"Home&Kitchen|Kitchen&HomeAppliances|Coffee,Tea&Espresso|DripCoffeeMachines",30-40%,0.001512390713,6.47E-05,0.001428368934,4.1,0.38
"Electronics|HomeTheater,TV&Video|Televisions|SmartTelevisions",40-50%,0.02815557672,0.08595639217,0.02739062833,4.252941176,0.4347058824
Computers&Accessories|Accessories&Peripherals|HardDiskBags,30-40%,0.05032519621,0.002584968856,0.05125714166,4.5,0.4
"Home&Kitchen|Kitchen&HomeAppliances|Vacuum,Cleaning&Ironing|Irons,Steamers&Accessories|Irons|SteamIrons",20-30%,0.003500753614,0.002318414434,0.003162328501,3.9,0.265
Computers&Accessories|Accessories&Peripherals|LaptopAccessories,40-50%,0.02534661176,0.006091668685,0.02487722919,4.3,0.44
Home&Kitchen|Kitchen&HomeAppliances|SmallKitchenAppliances|DigitalKitchenScales,0-10%,0.008358948288,5.44E-04,0.008049356725,4.2,0.03
"OfficeProducts|OfficePaperProducts|Paper|Stationery|Notebooks,WritingPads&Diaries|WireboundNotebooks",10-20%,0.01531010158,3.60E-04,0.01531010079,4.4,0.14
"Computers&Accessories|Accessories&Peripherals|Keyboards,Mice&InputDevices|Mice",30-40%,0.04921042484,0.00613513011,0.04834522169,4.157142857,0.36
"Home&Kitchen|Kitchen&HomeAppliances|Coffee,Tea&Espresso|CoffeeMakerAccessories|MeasuringSpoons",40-50%,0.008891024193,2.28E-04,0.00839707758,4.1,0.5
"Home&Kitchen|Kitchen&HomeAppliances|Vacuum,Cleaning&Ironing|Irons,Steamers&Accessories|LintShavers",50%+,0.00148624648,1.14E-04,0.00138757679,3.925,0.64
HomeImprovement|Electrical|CordManagement,50%+,0.01433585432,6.13E-04,0.01460133236,4.5,0.58
"Computers&Accessories|Accessories&Peripherals|TabletAccessories|Bags,Cases&Sleeves|Cases",50%+,0.01895388105,0.001787595022,0.01860288329,4.3,0.705
"Home&Kitchen|Kitchen&HomeAppliances|Vacuum,Cleaning&Ironing|Vacuums&FloorCare|Vacuums|HandheldVacuums",10-20%,5.40E-04,2.47E-04,4.90E-04,3.9,0.165
"Home&Kitchen|Kitchen&HomeAppliances|Vacuum,Cleaning&Ironing|Vacuums&FloorCare|Vacuums|RoboticVacuums",50%+,0.01240827928,0.05947225587,0.0124082785,4.4,0.53
Computers&Accessories|Accessories&Peripherals|Cables&Accessories|Cables|USBCables,50%+,0.03380971201,0.001966285771,0.03274786105,4.143956044,0.6623076923
"OfficeProducts|OfficePaperProducts|Paper|Stationery|Notebooks,WritingPads&Diaries|CompositionNotebooks",30-40%,0.01886067737,4.05E-04,0.01886067641,4.4,0.31
Home&Kitchen|HomeStorage&Organization|LaundryOrganization|IroningAccessories|SprayBottles,50%+,4.63E-04,6.76E-06,4.37E-04,4.1,0.57
Electronics|WearableTechnology|SmartWatches,20-30%,0.03469758201,0.03562076255,0.03335570193,4,0.27
Home&Kitchen|Kitchen&HomeAppliances|SmallKitchenAppliances|MiniFoodProcessors&Choppers,10-20%,0.003648942673,0.001002337888,0.003648942683,4.4,0.2
Home&Kitchen|Kitchen&HomeAppliances|SmallKitchenAppliances|Kettles&HotWaterDispensers|ElectricKettles,50%+,0.006545730015,9.30E-04,0.006153827069,4.04,0.568
Home&Kitchen|Kitchen&HomeAppliances|SmallKitchenAppliances|Juicers,50%+,0.005819879924,4.99E-04,0.004418797701,3.1,0.77
Computers&Accessories|NetworkingDevices|NetworkAdapters|WirelessUSBAdapters,40-50%,0.1550736914,0.02145062288,0.1509647385,4.357142857,0.4471428571
"Electronics|HomeTheater,TV&Video|Accessories|Cables|RCACables",40-50%,0.009604184041,7.24E-04,0.009248472062,4.2,0.42
Home&Kitchen|Kitchen&HomeAppliances|SmallKitchenAppliances|Juicers,20-30%,0.006431639918,0.007180701876,0.006312535221,4.3,0.28
"Home&Kitchen|Kitchen&HomeAppliances|Coffee,Tea&Espresso|DripCoffeeMachines",10-20%,3.79E-04,1.95E-04,3.51E-04,4,0.17
Computers&Accessories|Accessories&Peripherals|Cables&Accessories|Cables|USBCables,40-50%,0.03693813399,0.001600782269,0.0350910632,4.148,0.4516
"Computers&Accessories|Accessories&Peripherals|Keyboards,Mice&InputDevices|GraphicTablets",20-30%,0.03172097533,0.01799922258,0.03172097666,4.4,0.3
Electronics|Accessories|MemoryCards|MicroSD,50%+,0.186431091,0.02738010119,0.1825415139,4.257142857,0.7057142857
"Electronics|Headphones,Earbuds&Accessories|Headphones|On-Ear",0-10%,0.02937592605,0.003759641835,0.02719993013,4,0.06
Home&Kitchen|Kitchen&HomeAppliances|SmallKitchenAppliances|Kettles&HotWaterDispensers|ElectricKettles,40-50%,0.07702223968,0.01056928979,0.07093188642,4.05,0.4733333333
Electronics|HomeAudio|Speakers|OutdoorSpeakers,40-50%,0.05513133096,0.01419707011,0.05206847711,4.1,0.5
Electronics|Mobiles&Accessories|Smartphones&BasicMobiles|Smartphones,10-20%,0.09688122689,0.1872029657,0.09150131428,4.075,0.1766666667
"Home&Kitchen|Kitchen&HomeAppliances|Vacuum,Cleaning&Ironing|Vacuums&FloorCare|Vacuums|HandheldVacuums",50%+,0.002676558428,0.002699115311,0.002513212676,4.05,0.54
"Electronics|Headphones,Earbuds&Accessories|Headphones|On-Ear",50%+,0.164342441,0.03321821082,0.1548518223,4.071428571,0.59
Home&Kitchen|Kitchen&HomeAppliances|SmallKitchenAppliances|DigitalKitchenScales,30-40%,0.009516037101,5.04E-04,0.008634922112,3.9,0.38
Home&Kitchen|Kitchen&HomeAppliances|SewingMachines&Accessories|Sewing&EmbroideryMachines,40-50%,0.003177335276,8.39E-04,0.00268669444,3.6,0.455
"Computers&Accessories|Printers,Inks&Accessories|Printers|InkjetPrinters",10-20%,0.007386883948,0.01059483903,0.006566118728,3.8,0.13
Home&Kitchen|Kitchen&HomeAppliances|SewingMachines&Accessories|Sewing&EmbroideryMachines,10-20%,0.03032941406,0.05105572079,0.02976775573,4.3,0.19
Electronics|Cameras&Photography|Accessories|Cleaners|CleaningKits,30-40%,0.05462044332,0.002805595454,0.05259746321,4.2,0.4
Home&Kitchen|HomeStorage&Organization|LaundryOrganization|LaundryBags,50%+,0.008598158644,4.73E-04,0.008279707427,4.2,0.6
"Home&Kitchen|Heating,Cooling&AirQuality|WaterHeaters&Geysers|ImmersionRods",40-50%,0.03849274161,0.00475451687,0.03706708183,4.2,0.44
"Home&Kitchen|Heating,Cooling&AirQuality|Fans|CeilingFans",50%+,0.003024781214,0.001038736544,0.002912752138,4.2,0.58
"OfficeProducts|OfficePaperProducts|Paper|Stationery|Pens,Pencils&WritingSupplies|Pens&Refills|GelInkRollerballPens",0-10%,0.009566072732,1.83E-04,0.009334522669,4.25,0
"Electronics|HomeTheater,TV&Video|Accessories|RemoteControls",0-10%,0.004050128569,2.78E-04,0.003675116579,3.9,0
"Electronics|Mobiles&Accessories|MobileAccessories|Maintenance,Upkeep&Repairs|ScreenProtectors",40-50%,0.01069803701,5.50E-04,0.01049992513,4.3,0.5
"Home&Kitchen|Heating,Cooling&AirQuality|Fans|CeilingFans",30-40%,0.03544575134,0.01772680039,0.03432705834,4.166666667,0.3333333333
Home&Kitchen|Kitchen&HomeAppliances|WaterPurifiers&Accessories|WaterPurifierAccessories,0-10%,0.01377042222,0.001739008523,0.01302814783,4.1,0
Home&Kitchen|Kitchen&HomeAppliances|SmallKitchenAppliances|Kettles&HotWaterDispensers|Kettle&ToasterSets,40-50%,0.00141120271,1.65E-04,0.001220257038,3.766666667,0.45
Computers&Accessories|Components|InternalHardDrives,50%+,8.09E-04,2.77E-05,7.79E-04,4.2,0.8
"Computers&Accessories|Accessories&Peripherals|Keyboards,Mice&InputDevices|Keyboard&MouseSets",20-30%,0.03102524659,0.006172218997,0.02866355848,4,0.265
"Electronics|HomeTheater,TV&Video|Televisions|StandardTelevisions",40-50%,0.006264221426,0.007339647303,0.00592385922,4.125,0.4775
Computers&Accessories|Accessories&Peripherals|Cables&Accessories|Cables|USBCables,20-30%,0.02606247966,0.001198471609,0.02548443144,4.255555556,0.2522222222
"Computers&Accessories|Accessories&Peripherals|Keyboards,Mice&InputDevices|Keyboards",10-20%,0.0516593768,0.01059676187,0.04722900391,4.05,0.175
"Electronics|Headphones,Earbuds&Accessories|Cases",50%+,0.03440583746,7.03E-04,0.03376869256,4.3,0.76
Computers&Accessories|Accessories&Peripherals|LaptopAccessories|Bags&Sleeves|LaptopSleeves&Slipcases,50%+,0.01604232838,0.001189623722,0.01579007036,4.26,0.642
"Home&Kitchen|Kitchen&HomeAppliances|Vacuum,Cleaning&Ironing|Irons,Steamers&Accessories|LintShavers",30-40%,0.00169707346,1.88E-04,0.00159666546,4.1,0.372
"Home&Kitchen|Kitchen&HomeAppliances|Vacuum,Cleaning&Ironing|PressureWashers,Steam&WindowCleaners",30-40%,3.80E-04,3.92E-04,3.66E-04,4.2,0.4
Computers&Accessories|Accessories&Peripherals|Audio&VideoAccessories|Webcams&VoIPEquipment|Webcams,20-30%,0.04668775628,0.01596080124,0.04582316556,4.3,0.23
Computers&Accessories|Accessories&Peripherals|LaptopAccessories|Lapdesks,0-10%,0.05625861376,0.005789145749,0.05209130636,4,0
Home&Kitchen|Kitchen&HomeAppliances|SmallKitchenAppliances|InductionCooktop,50%+,3.20E-04,6.54E-05,2.97E-04,4,0.565
Home&Kitchen|Kitchen&HomeAppliances|SmallKitchenAppliances|MixerGrinders,10-20%,0.05792696494,0.0368098236,0.05470879446,4.1,0.14
Home&Kitchen|Kitchen&HomeAppliances|WaterPurifiers&Accessories|WaterFilters&Purifiers,0-10%,0.005491937376,0.001029190826,0.005179661778,4.05,0.04
"Computers&Accessories|Printers,Inks&Accessories|Inks,Toners&Cartridges|InkjetInkCartridges",0-10%,0.01276890353,0.00167013855,0.01201213272,4.1,0.05
"Electronics|Headphones,Earbuds&Accessories|Headphones|In-Ear",0-10%,0.07050892935,0.008769630909,0.06789747813,4.2,0.025
Home&Kitchen|Kitchen&HomeAppliances|SmallKitchenAppliances|OvenToasterGrills,0-10%,0.02279769447,0.03367732038,0.02279769527,4.4,0.04
"Electronics|Headphones,Earbuds&Accessories|Adapters",50%+,0.01347482479,2.78E-04,0.01222715579,3.9,0.88
Home&Kitchen|Kitchen&HomeAppliances|SmallKitchenAppliances|DeepFatFryers|AirFryers,20-30%,0.005790764553,0.008121056468,0.005790764237,4.4,0.26
"Home&Kitchen|Kitchen&HomeAppliances|Vacuum,Cleaning&Ironing|Vacuums&FloorCare|Vacuums|Wet-DryVacuums",50%+,0.0168046074,0.01114042568,0.01524862445,3.9,0.63
Computers&Accessories|Accessories&Peripherals|Audio&VideoAccessories|PCMicrophones,50%+,0.0179999406,0.002617213254,0.01605964743,3.6,0.565
"Computers&Accessories|Accessories&Peripherals|Keyboards,Mice&InputDevices|GraphicTablets",0-10%,0.01487490267,5.55E-04,0.01322213404,3.8,0.08
"Electronics|HomeTheater,TV&Video|SatelliteEquipment|SatelliteReceivers",50%+,0.007377515142,0.001162192523,0.007104273989,4.2,0.6
Computers&Accessories|Accessories&Peripherals|Adapters|USBtoUSBAdapters,50%+,0.006704650049,2.98E-04,0.006489409583,4.15,0.785
Computers&Accessories|Accessories&Peripherals|LaptopAccessories|Lapdesks,20-30%,0.03981207668,0.01291949273,0.03907481597,4.3,0.3
"Home&Kitchen|Kitchen&HomeAppliances|Vacuum,Cleaning&Ironing|Vacuums&FloorCare|Vacuums|RoboticVacuums",30-40%,0.005534520705,0.01806381133,0.005227046868,4.1,0.37
"Home&Kitchen|Heating,Cooling&AirQuality|Humidifiers",40-50%,3.85E-04,2.17E-04,3.77E-04,4.3,0.43
Computers&Accessories|Accessories&Peripherals|USBHubs,30-40%,0.008453784974,7.04E-04,0.00762762237,4.033333333,0.3666666667
Computers&Accessories|Accessories&Peripherals|USBGadgets|Lamps,50%+,0.00355227912,1.82E-04,0.003486495995,4.3,0.7
"Computers&Accessories|Accessories&Peripherals|Keyboards,Mice&InputDevices|Keyboard&MiceAccessories|MousePads",40-50%,0.01068708908,0.001188864888,0.01079527632,4.433333333,0.4766666667
"Home&Kitchen|Heating,Cooling&AirQuality|WaterHeaters&Geysers|StorageWaterHeaters",50%+,0.006874423452,0.007002117046,0.006597904963,4.15,0.55
Electronics|Mobiles&Accessories|MobileAccessories|Chargers|PowerBanks,30-40%,0.02243541906,0.004896901761,0.0214504382,4.1,0.3866666667
Home&Kitchen|Kitchen&Dining|KitchenTools|ManualChoppers&Chippers|Choppers,50%+,0.5904717629,0.02018602715,0.5576677652,4.1,0.6
Computers&Accessories|Accessories&Peripherals|USBHubs,40-50%,0.007156189672,7.01E-04,0.006891145375,4.2,0.43
Home&Kitchen|HomeStorage&Organization|LaundryOrganization|LaundryBaskets,20-30%,0.008482226521,0.001417941614,0.008155057345,4.1,0.215
Home&Kitchen|Kitchen&HomeAppliances|SmallKitchenAppliances|OvenToasterGrills,10-20%,0.01936427532,0.005651884412,0.01828848033,4.1,0.15
Electronics|Cameras&Photography|SecurityCameras|DomeCameras,30-40%,0.007869669426,0.00336631264,0.007432464202,4.1,0.38
"Home&Kitchen|Heating,Cooling&AirQuality|WaterHeaters&Geysers|ImmersionRods",10-20%,0.01577643828,0.001382221914,0.01489996874,4.1,0.2
Computers&Accessories|Accessories&Peripherals|PCGamingPeripherals|GamingKeyboards,30-40%,0.01081018962,0.002133791462,0.01061000136,4.3,0.36
"Home&Kitchen|Heating,Cooling&AirQuality|RoomHeaters|ElectricHeaters",40-50%,8.60E-04,2.35E-04,7.67E-04,3.766666667,0.4966666667
Computers&Accessories|NetworkingDevices|Repeaters&Extenders,40-50%,0.3501815848,0.08837180826,0.3372118583,4.2,0.41
"Home&Kitchen|Kitchen&HomeAppliances|Vacuum,Cleaning&Ironing|Irons,Steamers&Accessories|Irons|SteamIrons",50%+,0.001365958205,6.04E-04,0.001315366995,4.2,0.62
"OfficeProducts|OfficePaperProducts|Paper|Stationery|Pens,Pencils&WritingSupplies|Pens&Refills|StickBallpointPens",10-20%,0.007848058521,3.67E-04,0.00726672048,4,0.15
Computers&Accessories|NetworkingDevices|DataCards&Dongles,30-40%,0.02268048459,0.008178306636,0.02016042872,3.8,0.35
Electronics|Mobiles&Accessories|MobileAccessories|Mounts|Bedstand&DeskMounts,50%+,0.004794134311,2.75E-04,0.004291894955,3.9,0.745
"Home&Kitchen|Kitchen&HomeAppliances|Coffee,Tea&Espresso|StovetopEspressoPots",50%+,0.001319010378,1.36E-04,0.001270158077,4.2,0.54
Electronics|HomeAudio|Speakers|MultimediaSpeakerSystems,30-40%,0.01399588179,0.001199774073,0.01269996665,3.9,0.38
Computers&Accessories|NetworkingDevices,50%+,0.02556878623,0.005266570653,0.02414829689,4.1,0.66
OfficeProducts|OfficeElectronics|Calculators|Scientific,0-10%,0.02116048215,0.002813629363,0.02128823123,4.45,0.025
Computers&Accessories|ExternalDevices&DataStorage|ExternalHardDisks,20-30%,0.116655753,0.1097281767,0.1173990772,4.433333333,0.2466666667
Computers&Accessories|Accessories&Peripherals|Cables&Accessories|Cables|SATACables,50%+,0.001696030173,1.02E-04,0.001538990263,3.9,0.65
"Home&Kitchen|Heating,Cooling&AirQuality|RoomHeaters|HalogenHeaters",40-50%,6.33E-04,2.39E-04,5.28E-04,3.5,0.45
Computers&Accessories|Accessories&Peripherals|LaptopAccessories|Lapdesks,50%+,0.01152640174,0.001393230871,0.0109169673,4.05,0.6625
Electronics|Cameras&Photography|VideoCameras,50%+,0.006635133199,5.69E-04,0.005775023044,3.7,0.75
Computers&Accessories|Accessories&Peripherals|Cables&Accessories|Cables|USBCables,10-20%,0.03289112375,0.003896517958,0.03275500625,4.35,0.1566666667
Home&Kitchen|Kitchen&HomeAppliances|SmallKitchenAppliances|RotiMakers,30-40%,9.09E-04,3.12E-04,9.09E-04,4.4,0.33
MusicalInstruments|Microphones|Condenser,50%+,0.1461961721,0.02004183708,0.1353668191,4,0.6
Home&Kitchen|Kitchen&HomeAppliances|SmallKitchenAppliances|SandwichMakers,10-20%,0.01029211343,0.003003976784,0.009720328355,4.1,0.14
"Home&Kitchen|Heating,Cooling&AirQuality|AirPurifiers|HEPAAirPurifiers",30-40%,0.004637189641,0.01155025393,0.004551315693,4.3,0.38
"Electronics|HomeTheater,TV&Video|Accessories|RemoteControls",40-50%,0.001120333704,5.02E-05,0.001052791169,3.9375,0.48
"OfficeProducts|OfficePaperProducts|Paper|Stationery|Notebooks,WritingPads&Diaries|CompositionNotebooks",20-30%,0.007452462398,7.18E-04,0.007452462469,4.4,0.22
"OfficeProducts|OfficePaperProducts|Paper|Stationery|Pens,Pencils&WritingSupplies|Pens&Refills|RetractableBallpointPens",10-20%,0.009348765773,6.25E-04,0.009175640439,4.3,0.175
"Home&Kitchen|Heating,Cooling&AirQuality|RoomHeaters|ElectricHeaters",10-20%,5.87E-04,2.61E-04,5.62E-04,4.133333333,0.1766666667
Electronics|Cameras&Photography|Accessories|Tripods&Monopods|CompleteTripodUnits,30-40%,0.03545189306,0.009433861129,0.03545189253,4.4,0.38
Electronics|Cameras&Photography|Flashes|Macro&RinglightFlashes,50%+,0.02621008823,0.003597608504,0.02329785304,3.8,0.6
"Home&Kitchen|Kitchen&HomeAppliances|Vacuum,Cleaning&Ironing|PressureWashers,Steam&WindowCleaners",40-50%,0.001487958681,0.001230273351,0.001448400789,4.2,0.465
"Electronics|HomeTheater,TV&Video|Accessories|Cables|OpticalCables",30-40%,0.03735508451,0.003108355774,0.0358309966,4.1,0.315
"Home&Kitchen|Kitchen&HomeAppliances|Vacuum,Cleaning&Ironing|Vacuums&FloorCare|Vacuums|CanisterVacuums",0-10%,0.04214318001,0.06515086859,0.04214318081,4.4,0.1
Computers&Accessories|Accessories&Peripherals|Cables&Accessories|Cables|USBCables,0-10%,8.13E-04,8.36E-05,7.97E-04,4.3,0
Electronics|Mobiles&Accessories|MobileAccessories|Décor|PhoneCharms,50%+,7.14E-04,1.21E-05,7.14E-04,4.4,0.9
"Home&Kitchen|Heating,Cooling&AirQuality|RoomHeaters|ElectricHeaters",30-40%,0.00246914339,7.51E-04,0.002261203244,3.833333333,0.3566666667
Computers&Accessories|Accessories&Peripherals|LaptopAccessories|LaptopChargers&PowerSupplies,40-50%,0.005916651,7.83E-04,0.00580708316,4.3,0.5
"Home&Kitchen|Kitchen&HomeAppliances|Vacuum,Cleaning&Ironing|Vacuums&FloorCare|Vacuums|CanisterVacuums",20-30%,0.06836226923,0.03287138456,0.06203242444,3.9,0.26
"Home&Kitchen|Kitchen&HomeAppliances|Vacuum,Cleaning&Ironing|Vacuums&FloorCare|VacuumAccessories|VacuumBags|HandheldBags",40-50%,0.006097468799,2.65E-04,0.0059845526,4.3,0.49
Electronics|WearableTechnology|SmartWatches,40-50%,0.02564311464,0.01075718121,0.02384655574,3.975,0.48375
Computers&Accessories|Accessories&Peripherals|USBGadgets|Lamps,0-10%,0.0113402689,8.75E-05,0.009849408492,3.85,0.025
"Home&Kitchen|Kitchen&HomeAppliances|Vacuum,Cleaning&Ironing|Vacuums&FloorCare|Vacuums|HandheldVacuums",40-50%,0.001009165366,3.17E-04,9.07E-04,3.866666667,0.4666666667
Computers&Accessories|Accessories&Peripherals|Cables&Accessories|Cables|DVICables,50%+,0.05896626048,0.005054785944,0.05896625874,4.4,0.55
Car&Motorbike|CarAccessories|InteriorAccessories|AirPurifiers&Ionizers,40-50%,0.002261373564,9.09E-04,0.002010109731,3.8,0.42
"Home&Kitchen|Kitchen&HomeAppliances|Vacuum,Cleaning&Ironing|Irons,Steamers&Accessories|Irons|DryIrons",30-40%,0.01439701504,0.001866419686,0.01350328156,4.025,0.3525
Computers&Accessories|Accessories&Peripherals|PCGamingPeripherals|GamingMice,50%+,0.01908540949,0.001885245621,0.01837853956,4.2,0.79
"Electronics|Headphones,Earbuds&Accessories|Headphones|In-Ear",50%+,0.1674214745,0.01988835421,0.1554564305,3.87027027,0.6818918919
Computers&Accessories|Accessories&Peripherals|Cables&Accessories|CableConnectionProtectors,50%+,0.008347539753,1.42E-04,0.007847091786,4.033333333,0.9
"Electronics|Headphones,Earbuds&Accessories|Headphones|In-Ear",20-30%,0.3571140756,0.04856392429,0.3372743858,4.1,0.2766666667
"Computers&Accessories|Printers,Inks&Accessories|Printers",0-10%,0.04054280205,0.02785247606,0.03378566664,3.5,0.08
Home&Kitchen|CraftMaterials|PaintingMaterials|Paints,10-20%,0.02034437801,6.86E-04,0.02034437769,4.4,0.14
Computers&Accessories|Accessories&Peripherals|Cables&Accessories|Cables|USBCables,30-40%,0.04800105409,0.002245096302,0.04473805992,4.055555556,0.3677777778
Computers&Accessories|Accessories&Peripherals|PCGamingPeripherals|Gamepads,40-50%,0.08186401716,0.004204969686,0.0848960101,4.6,0.46
Electronics|Mobiles&Accessories|MobileAccessories|AutomobileAccessories|Cradles,30-40%,0.03971722291,0.004086997116,0.03677520451,4,0.4
"Home&Kitchen|Heating,Cooling&AirQuality|WaterHeaters&Geysers|ImmersionRods",30-40%,0.008283026767,8.03E-04,0.007703181904,4,0.3566666667
"Home&Kitchen|Kitchen&HomeAppliances|Coffee,Tea&Espresso|CoffeePresses",20-30%,0.002550991621,4.82E-04,0.002598232074,4.5,0.27
"Electronics|Headphones,Earbuds&Accessories|Headphones|Over-Ear",50%+,0.07376937875,0.02012267196,0.06916943021,4,0.69
"Home&Kitchen|Heating,Cooling&AirQuality|Fans|ExhaustFans",10-20%,0.01743999993,0.005989049587,0.01679407216,4.2,0.15
"OfficeProducts|OfficePaperProducts|Paper|Stationery|Notebooks,WritingPads&Diaries|CompositionNotebooks",10-20%,0.005917821502,2.12E-04,0.005924838532,4.3,0.155
"Electronics|HomeTheater,TV&Video|Accessories|Cables|HDMICables",30-40%,1,0.05308320402,1,4.4,0.35
Computers&Accessories|Accessories&Peripherals|Audio&VideoAccessories|PCHeadsets,30-40%,0.01345465106,0.001500084662,0.01121220864,3.5,0.35
Computers&Accessories|Accessories&Peripherals|Cables&Accessories|Cables|EthernetCables,50%+,0.01960779721,8.02E-04,0.0196077972,4.4,0.66
Home&Kitchen|CraftMaterials|PaintingMaterials|Paints,0-10%,0.0140891387,7.50E-04,0.01435004794,4.5,0
"Home&Kitchen|Heating,Cooling&AirQuality|RoomHeaters|FanHeaters",20-30%,2.04E-04,7.95E-05,1.81E-04,3.55,0.255
Electronics|HomeAudio|Speakers|BluetoothSpeakers,20-30%,0.02174599927,0.00335844095,0.01932977515,3.8,0.25
Electronics|Accessories|MemoryCards|SecureDigitalCards,40-50%,0.1629728343,0.01257072137,0.162972826,4.4,0.44
Computers&Accessories|Accessories&Peripherals|LaptopAccessories|CameraPrivacyCovers,50%+,5.84E-04,6.92E-06,5.73E-04,4.3,0.77
"Electronics|HomeTheater,TV&Video|Accessories|Cables|SpeakerCables",40-50%,0.02831795091,0.001941034911,0.02831795234,4.4,0.5
"Home&Kitchen|Heating,Cooling&AirQuality|WaterHeaters&Geysers|StorageWaterHeaters",30-40%,0.02304142892,0.02730438512,0.02185853703,4.1,0.37
"Home&Kitchen|Heating,Cooling&AirQuality|Parts&Accessories|FanParts&Accessories",50%+,0.007690713571,9.24E-04,0.00726345085,4.1,0.59
"Electronics|HomeTheater,TV&Video|Accessories|TVMounts,Stands&Turntables|TVWall&CeilingMounts",50%+,0.002154986807,1.21E-04,0.001910381188,3.866666667,0.65
Computers&Accessories|NetworkingDevices|NetworkAdapters|BluetoothAdapters,30-40%,0.2177052711,0.02240239309,0.2136736968,4.3,0.33
Home&Kitchen|Kitchen&HomeAppliances|WaterPurifiers&Accessories|WaterPurifierAccessories,10-20%,0.001069367171,4.24E-05,0.001009957733,4.1,0.11
Electronics|Mobiles&Accessories|MobileAccessories|Mounts|HandlebarMounts,50%+,0.002730585902,3.23E-04,0.002680019446,4.3,0.66
Computers&Accessories|Monitors,50%+,0.004502520172,0.004872208895,0.004335759746,4.2,0.54
Electronics|Mobiles&Accessories|MobileAccessories|Photo&VideoAccessories|Tripods,50%+,0.02962844361,0.002743444729,0.026336391,3.8,0.66
Home&Kitchen|Kitchen&HomeAppliances|SmallKitchenAppliances|Pop-upToasters,0-10%,0.02019869044,0.00617617441,0.02017723671,4.4,0
OfficeProducts|OfficeElectronics|Calculators|Financial&Business,0-10%,0.01036599504,9.53E-04,0.0103659951,4.4,0
"Computers&Accessories|Accessories&Peripherals|Keyboards,Mice&InputDevices|Keyboard&MouseSets",10-20%,0.06230908682,0.01390462115,0.06115521437,4.3,0.19
Computers&Accessories|NetworkingDevices|Routers,30-40%,0.1266612558,0.03057809614,0.1231854929,4.3,0.36
Electronics|Mobiles&Accessories|MobileAccessories|Chargers|PowerBanks,0-10%,0.4095008775,0.1441436227,0.4019175389,4.3,0.07
Home&Kitchen|Kitchen&HomeAppliances|SmallKitchenAppliances|InductionCooktop,40-50%,0.05565792602,0.01807030892,0.05088874495,3.975,0.465
"Home&Kitchen|Kitchen&HomeAppliances|Vacuum,Cleaning&Ironing|Vacuums&FloorCare|Vacuums|HandheldVacuums",20-30%,0.0305916725,0.008750162001,0.02832562123,4,0.21
Home&Kitchen|Kitchen&HomeAppliances|SmallKitchenAppliances|DeepFatFryers|AirFryers,50%+,0.005215999646,0.004439352841,0.005585478629,4.5,0.65
"Home&Kitchen|Heating,Cooling&AirQuality|Fans|ExhaustFans",30-40%,0.02836878338,0.004868608276,0.02679273553,4.1,0.33
"Home&Kitchen|Heating,Cooling&AirQuality|RoomHeaters|FanHeaters",10-20%,0.03081523358,0.007750061973,0.02910327467,4.1,0.11
Home&Kitchen|Kitchen&HomeAppliances|WaterPurifiers&Accessories|WaterFilters&Purifiers,50%+,7.48E-04,6.71E-04,7.56E-04,4.5,0.7766666667
"Home&Kitchen|Kitchen&HomeAppliances|Coffee,Tea&Espresso|EspressoMachines",10-20%,0.007919651296,0.006529131796,0.007186349882,3.9,0.17
Electronics|Mobiles&Accessories|MobileAccessories|Chargers|WallChargers,10-20%,0.04899564386,0.004200071323,0.04718098658,4.2,0.17
"Home&Kitchen|Kitchen&HomeAppliances|Vacuum,Cleaning&Ironing|Vacuums&FloorCare|Vacuums|Wet-DryVacuums",20-30%,0.006852146602,0.01045999798,0.006598362583,4.2,0.25
"Electronics|Headphones,Earbuds&Accessories|Headphones|In-Ear",40-50%,0.08520701351,0.01291532518,0.07705888233,3.785714286,0.4614285714
Computers&Accessories|Components|InternalSolidStateDrives,40-50%,0.1141697165,0.03633576661,0.1161773664,4.4,0.435
Home&Kitchen|Kitchen&HomeAppliances|SmallKitchenAppliances|JuicerMixerGrinders,10-20%,0.004462066262,9.19E-04,0.003966280722,3.8,0.2
Home&Kitchen|Kitchen&HomeAppliances|SmallKitchenAppliances|VacuumSealers,50%+,5.03E-04,3.67E-05,3.73E-04,3.15,0.585
"Electronics|HomeTheater,TV&Video|Projectors",30-40%,5.75E-05,6.41E-05,5.32E-05,4,0.35
Home&Kitchen|Kitchen&HomeAppliances|SmallKitchenAppliances|JuicerMixerGrinders,30-40%,7.66E-06,8.55E-07,6.53E-06,3.6,0.35
Electronics|GeneralPurposeBatteries&BatteryChargers|DisposableBatteries,10-20%,0.02405695016,0.001071796302,0.02445523334,4.42,0.148
Computers&Accessories|NetworkingDevices|NetworkAdapters|PowerLANAdapters,30-40%,0.0537025654,0.0110614703,0.05469705454,4.5,0.4
Computers&Accessories|Accessories&Peripherals|LaptopAccessories|Bags&Sleeves|LaptopSleeves&Slipcases,40-50%,0.0511060578,0.002186101752,0.04921323754,4.2,0.5
Home&Kitchen|Kitchen&HomeAppliances|SmallKitchenAppliances|Rice&PastaCookers,40-50%,8.69E-04,2.39E-04,7.56E-04,3.7,0.45
Electronics|HomeAudio|Speakers|OutdoorSpeakers,50%+,0.03577449259,0.005749363661,0.03376669286,3.966666667,0.5833333333
Home&Kitchen|Kitchen&HomeAppliances|SmallKitchenAppliances|Kettles&HotWaterDispensers|Kettle&ToasterSets,20-30%,0.001494239683,3.46E-04,0.001494239606,4.4,0.27
"OfficeProducts|OfficePaperProducts|Paper|Stationery|Notebooks,WritingPads&Diaries|WireboundNotebooks",0-10%,0.01707697896,4.11E-04,0.01702318316,4.4,0.03
"OfficeProducts|OfficePaperProducts|Paper|Stationery|Notebooks,WritingPads&Diaries|Notepads&MemoBooks",40-50%,0.01739922771,2.69E-04,0.01739922674,4.4,0.49
Electronics|Mobiles&Accessories|MobileAccessories|Chargers|WallChargers,40-50%,0.02314051474,0.002131268842,0.02211160138,4.2,0.44
Home&Kitchen|Kitchen&HomeAppliances|SmallKitchenAppliances|HandBlenders,30-40%,0.02610937928,0.01229879638,0.02610937696,4.4,0.31
Home&Kitchen|Kitchen&HomeAppliances|WaterPurifiers&Accessories|WaterFilters&Purifiers,40-50%,0.02342156362,0.03967749715,0.02190003474,4.15,0.475
Electronics|WearableTechnology|SmartWatches,50%+,0.04999880006,0.01799754643,0.04714023634,4.031818182,0.7371212121
"Home&Kitchen|Kitchen&HomeAppliances|Vacuum,Cleaning&Ironing|Irons,Steamers&Accessories|Irons|SteamIrons",0-10%,0.04558091069,0.01321618642,0.04469750975,4.25,0.085
Home&Kitchen|Kitchen&HomeAppliances|SmallKitchenAppliances|HandBlenders,0-10%,0.03194687635,0.009302437081,0.03076365918,4.2,0
Computers&Accessories|Accessories&Peripherals|TabletAccessories|Stands,50%+,0.05588425274,0.001430455538,0.05277956494,4.1,0.7
Home&Kitchen|Kitchen&HomeAppliances|SmallKitchenAppliances|YogurtMakers,50%+,0.001215586764,1.23E-04,0.001148054008,4.1,0.55
"Home&Kitchen|Kitchen&HomeAppliances|Vacuum,Cleaning&Ironing|Irons,Steamers&Accessories|Irons|DryIrons",50%+,0.02780540812,0.002941728764,0.02677557613,4.2,0.535
Computers&Accessories|Accessories&Peripherals|HardDiskBags,50%+,0.01947004101,7.75E-04,0.01953241631,4.25,0.615
"Electronics|HomeTheater,TV&Video|Accessories|TVMounts,Stands&Turntables|TVWall&CeilingMounts",40-50%,0.004315127814,9.24E-04,0.004131847507,4.15,0.485
"Home&Kitchen|Heating,Cooling&AirQuality|Fans|PedestalFans",30-40%,0.01281712885,0.004365932781,0.01210506503,4.1,0.4
Home&Kitchen|Kitchen&HomeAppliances|SmallKitchenAppliances|VacuumSealers,0-10%,0.02203572245,3.37E-04,0.02121575822,4.1,0
"Home&Kitchen|Heating,Cooling&AirQuality|Fans|CeilingFans",20-30%,0.01836593333,0.0068523247,0.01738226232,4.166666667,0.2666666667
Home&Kitchen|Kitchen&HomeAppliances|SmallKitchenAppliances|MiniFoodProcessors&Choppers,30-40%,0.008853923593,0.00231608719,0.008754140389,4.25,0.36
"Computers&Accessories|Accessories&Peripherals|Keyboards,Mice&InputDevices|GraphicTablets",50%+,0.003743494834,1.41E-04,0.003276925038,3.955555556,0.7011111111
Electronics|Mobiles&Accessories|MobileAccessories|Chargers|PowerBanks,10-20%,0.006887597534,0.002956872833,0.006504951907,4.1,0.17
Electronics|GeneralPurposeBatteries&BatteryChargers|RechargeableBatteries,10-20%,0.04450419928,0.003234323754,0.0436800503,4.3,0.2
Electronics|Mobiles&Accessories|MobileAccessories|Chargers|PowerBanks,40-50%,0.2789480195,0.05611309113,0.2734519094,4.2,0.4733333333
Health&PersonalCare|HomeMedicalSupplies&Equipment|HealthMonitors|WeighingScales|DigitalBathroomScales,50%+,0.007799087999,0.001204487083,0.007221377406,4,0.53
"OfficeProducts|OfficePaperProducts|Paper|Stationery|Notebooks,WritingPads&Diaries|CompositionNotebooks",0-10%,0.005601855156,1.35E-04,0.005688246224,4.4,0
Home&Kitchen|Kitchen&HomeAppliances|SmallKitchenAppliances|JuicerMixerGrinders,40-50%,0.03889933587,0.01917467757,0.03540424878,3.85,0.475
HomeImprovement|Electrical|Adapters&Multi-Outlets,50%+,0.005495344287,4.01E-04,0.005088281487,4,0.57
Computers&Accessories|Accessories&Peripherals|PCGamingPeripherals|GamingKeyboards,20-30%,0.003044422864,0.001385433173,0.003100800907,4.5,0.24
Home&Kitchen|Kitchen&HomeAppliances|SmallKitchenAppliances|Rice&PastaCookers,30-40%,0.01351778045,0.006366639837,0.01178891537,3.9,0.32
"Computers&Accessories|Printers,Inks&Accessories|Printers",10-20%,0.01261746777,0.01190057504,0.01122567504,3.75,0.165
Electronics|HomeAudio|Speakers|BluetoothSpeakers,50%+,0.03411983719,0.01016278565,0.03278774618,4.1,0.6266666667
"Home&Kitchen|Heating,Cooling&AirQuality|Fans|TableFans",40-50%,0.005170009686,9.42E-04,0.004860480593,3.95,0.42
"Computers&Accessories|Printers,Inks&Accessories|Printers|InkjetPrinters",0-10%,0.02205217149,0.01325164506,0.01796843609,3.4,0.1
Electronics|Mobiles&Accessories|Smartphones&BasicMobiles|BasicMobiles,10-20%,0.1034490757,0.02426865517,0.09566540513,3.95,0.1583333333
"Home&Kitchen|Heating,Cooling&AirQuality|WaterHeaters&Geysers|StorageWaterHeaters",20-30%,0.01373623156,0.01533602439,0.01373623086,4.4,0.24
Home&Kitchen|HomeStorage&Organization|LaundryOrganization|LaundryBaskets,40-50%,0.01458837189,0.001371462098,0.01344891595,4,0.455
"Home&Kitchen|Heating,Cooling&AirQuality|WaterHeaters&Geysers|StorageWaterHeaters",40-50%,0.009733330487,0.01083302719,0.009194618142,4.1,0.465
"Electronics|HomeTheater,TV&Video|Televisions|SmartTelevisions",0-10%,0.06296140612,0.1622315629,0.06179545365,4.3,0
Computers&Accessories|Tablets,20-30%,0.007066446399,0.03277535148,0.00732816626,4.6,0.29
"Home&Kitchen|Heating,Cooling&AirQuality|WaterHeaters&Geysers|InstantWaterHeaters",50%+,0.00855649063,0.003880304104,0.008052144874,3.936363636,0.5736363636
"Electronics|HomeTheater,TV&Video|Televisions|SmartTelevisions",20-30%,0.04575118961,0.1803691346,0.04410942836,4.215384615,0.2592307692
Electronics|GeneralPurposeBatteries&BatteryChargers,40-50%,9.73E-04,1.94E-05,9.63E-04,4.35,0.42
"Computers&Accessories|Accessories&Peripherals|Keyboards,Mice&InputDevices|Keyboards",20-30%,0.05297290461,0.0236151008,0.05297290387,4.4,0.21
Home&Kitchen|Kitchen&HomeAppliances|SmallKitchenAppliances|Pop-upToasters,30-40%,0.009487931747,0.001791298147,0.009136525926,4.2,0.39
"Home&Kitchen|Kitchen&HomeAppliances|Coffee,Tea&Espresso|MilkFrothers",20-30%,0.009604663101,0.001813336757,0.009071070241,4.1,0.27
"Home&Kitchen|Kitchen&HomeAppliances|Vacuum,Cleaning&Ironing|Irons,Steamers&Accessories|Irons|DryIrons",0-10%,0.01653228978,0.002695242561,0.01622613636,4.3,0.03
Computers&Accessories|Accessories&Peripherals|PCGamingPeripherals|Headsets,50%+,0.01611752968,0.002233585187,0.01484711252,3.9,0.68
Home&Kitchen|Kitchen&HomeAppliances|SmallKitchenAppliances|HandBlenders,10-20%,0.01494608736,0.002247631983,0.01440281676,4.266666667,0.1866666667
Computers&Accessories|NetworkingDevices|NetworkAdapters|WirelessUSBAdapters,30-40%,0.02125295926,0.003286598702,0.02039266412,4,0.38
Home&Kitchen|Kitchen&HomeAppliances|SmallKitchenAppliances|Kettles&HotWaterDispensers|ElectricKettles,0-10%,0.005897328402,0.00273031476,0.005897328495,4.4,0
Computers&Accessories|Accessories&Peripherals|PCGamingPeripherals|Gamepads,50%+,0.03459703275,0.009048873636,0.03308949767,4.1,0.555
Electronics|Mobiles&Accessories|MobileAccessories|Chargers|WallChargers,50%+,0.00915447356,5.12E-04,0.008534501617,4.0375,0.6625
"Electronics|HomeTheater,TV&Video|Televisions|StandardTelevisions",50%+,0.002927612199,0.003709219913,0.00275878633,3.95,0.61
Home&Kitchen|CraftMaterials|DrawingMaterials|DrawingMedia|Pencils|WoodenPencils,0-10%,0.01152659642,1.96E-04,0.01131314085,4.3,0
Home&Kitchen|Kitchen&HomeAppliances|SmallKitchenAppliances|DigitalKitchenScales|DigitalScales,40-50%,0.0221903003,0.003045850619,0.02177936868,4.3,0.47
Electronics|Mobiles&Accessories|MobileAccessories|Cases&Covers|BasicCases,50%+,0.006445194817,3.00E-04,0.006102431811,4.166666667,0.8166666667
"Home&Kitchen|Kitchen&HomeAppliances|Vacuum,Cleaning&Ironing|Irons,Steamers&Accessories|Irons|SteamIrons",10-20%,0.008510784054,0.004948972687,0.008259730821,4.225,0.1325
"Electronics|Headphones,Earbuds&Accessories|Earpads",50%+,0.001201481124,2.04E-05,0.001067983167,3.8,0.9
Home&Kitchen|Kitchen&HomeAppliances|SmallKitchenAppliances|MixerGrinders,20-30%,0.009307672851,0.007946863733,0.009328888003,4.425,0.26
Computers&Accessories|Accessories&Peripherals|LaptopAccessories|LaptopChargers&PowerSupplies,50%+,0.01310167726,0.001853533387,0.0120517429,3.9,0.6375
"Home&Kitchen|Kitchen&HomeAppliances|Vacuum,Cleaning&Ironing|Vacuums&FloorCare|Vacuums|Wet-DryVacuums",40-50%,0.01300756385,0.01231336516,0.01222318045,4,0.4533333333
Computers&Accessories|ExternalDevices&DataStorage|ExternalMemoryCardReaders,40-50%,0.01775681899,0.001674696658,0.01742798904,4.3,0.45
Computers&Accessories|Accessories&Peripherals|TabletAccessories|ScreenProtectors,50%+,0.006178509558,4.14E-04,0.005871389619,4.1,0.74
Computers&Accessories|Accessories&Peripherals|PCGamingPeripherals|GamingMice,20-30%,0.03462412888,0.004371831458,0.03455689417,4.4,0.2566666667
"Electronics|HomeTheater,TV&Video|Televisions|SmartTelevisions",50%+,0.004701528145,0.01370540256,0.004412493866,4.027272727,0.5672727273
Home&Kitchen|Kitchen&HomeAppliances|SewingMachines&Accessories|Sewing&EmbroideryMachines,50%+,0.004041079455,5.01E-04,0.003068226935,3.1,0.52
"Electronics|HomeTheater,TV&Video|Projectors",50%+,1.68E-05,4.03E-05,1.71E-05,4.5,0.52
"Home&Kitchen|Kitchen&HomeAppliances|Coffee,Tea&Espresso|CoffeeMakerAccessories|MeasuringSpoons",50%+,0.008218531436,3.03E-04,0.007963435394,4.25,0.595
Home&Kitchen|HomeStorage&Organization|LaundryOrganization|LaundryBaskets,10-20%,0.005203863221,1.67E-04,0.004892915923,4.05,0.115
"Computers&Accessories|Printers,Inks&Accessories|Inks,Toners&Cartridges|InkjetInkCartridges",10-20%,0.007539118931,7.72E-04,0.007539118505,4.4,0.18
"Home&Kitchen|Heating,Cooling&AirQuality|AirPurifiers|HEPAAirPurifiers",50%+,0.008986516712,0.02223066947,0.008986516744,4.4,0.76
"Home&Kitchen|Heating,Cooling&AirQuality|RoomHeaters|FanHeaters",50%+,2.40E-04,3.84E-05,2.15E-04,4.033333333,0.5716666667
Electronics|Cameras&Photography|Accessories|Batteries&Chargers|BatteryChargers,20-30%,0.08271813227,0.004248841712,0.07352722492,3.8,0.25
Electronics|Mobiles&Accessories|MobileAccessories|Cables&Adapters|OTGAdapters,50%+,0.02179020687,5.20E-04,0.02128378219,4.25,0.72
Home&Kitchen|Kitchen&HomeAppliances|SmallKitchenAppliances|SandwichMakers,30-40%,0.00697766018,0.001483753575,0.006713529338,4.15,0.33
Home&Kitchen|Kitchen&HomeAppliances|SmallKitchenAppliances|Kettles&HotWaterDispensers|ElectricKettles,10-20%,0.01693067988,0.004266342057,0.0154578512,4.05,0.17
"Home&Kitchen|Heating,Cooling&AirQuality|WaterHeaters&Geysers|ImmersionRods",0-10%,0.02024159288,0.00347383193,0.01911705896,4.1,0.07
Computers&Accessories|Accessories&Peripherals|PCGamingPeripherals|Headsets,30-40%,0.03258620994,0.01114001017,0.03198276194,4.3,0.34
Home&Kitchen|Kitchen&HomeAppliances|SmallKitchenAppliances|SmallApplianceParts&Accessories,0-10%,0.005461277837,6.45E-04,0.005562412326,4.5,0.08
"Home&Kitchen|Kitchen&HomeAppliances|Coffee,Tea&Espresso|MilkFrothers",50%+,3.45E-04,1.36E-05,2.87E-04,3.5,0.54
"Computers&Accessories|Accessories&Peripherals|Keyboards,Mice&InputDevices|Keyboard&MouseSets",30-40%,0.01734807374,0.00216530254,0.01583525606,3.933333333,0.37
Home&Kitchen|Kitchen&HomeAppliances|SmallKitchenAppliances|EggBoilers,40-50%,0.003354924419,5.11E-04,0.00325938683,4.233333333,0.4333333333
Computers&Accessories|Accessories&Peripherals|USBHubs,50%+,0.01698478699,5.22E-04,0.01383945634,3.4,0.64
Home&Kitchen|Kitchen&HomeAppliances|WaterPurifiers&Accessories|WaterPurifierAccessories,40-50%,0.003148139317,1.92E-04,0.003034108736,4.2,0.5
Home&Kitchen|Kitchen&HomeAppliances|SmallKitchenAppliances|StandMixers,40-50%,0.001222240474,0.001259604367,0.001199606324,4.3,0.48
Home&Kitchen|Kitchen&HomeAppliances|SmallKitchenAppliances|HandBlenders,40-50%,0.005889858625,3.00E-04,0.00481749298,4.033333333,0.4633333333
"Home&Kitchen|Kitchen&HomeAppliances|Vacuum,Cleaning&Ironing|Vacuums&FloorCare|Vacuums|Wet-DryVacuums",30-40%,0.007751820266,0.008304403641,0.007321162727,4.1,0.38
"Electronics|HomeTheater,TV&Video|Accessories|RemoteControls",50%+,0.001542204604,8.07E-05,0.001413687332,3.786486486,0.6537837838
Home&Kitchen|Kitchen&HomeAppliances|SmallKitchenAppliances|Kettles&HotWaterDispensers|Kettle&ToasterSets,30-40%,0.02142644886,0.003387038404,0.02036308055,4.016666667,0.3683333333
"Computers&Accessories|Accessories&Peripherals|Keyboards,Mice&InputDevices|Mice",40-50%,0.007996311317,0.00111647886,0.007858557012,4.44,0.48
Computers&Accessories|ExternalDevices&DataStorage|ExternalSolidStateDrives,50%+,0.09695695044,0.1730419288,0.09695694744,4.4,0.68
Home&Kitchen|Kitchen&HomeAppliances|SmallKitchenAppliances|MiniFoodProcessors&Choppers,20-30%,0.01861007711,0.005815398737,0.01861007608,4.4,0.27
Home&Kitchen|Kitchen&HomeAppliances|SmallKitchenAppliances|Mills&Grinders|WetGrinders,10-20%,0.003273253599,0.002086182021,0.002848942802,3.7,0.14
"Electronics|HomeTheater,TV&Video|Televisions|SmartTelevisions",30-40%,0.02543119088,0.1237043045,0.02472123016,4.27,0.3505
Home&Kitchen|Kitchen&HomeAppliances|SmallKitchenAppliances|WaffleMakers&Irons,40-50%,0.002495261197,5.14E-04,0.002264218528,3.9,0.5
"OfficeProducts|OfficePaperProducts|Paper|Stationery|Pens,Pencils&WritingSupplies|Pens&Refills|StickBallpointPens",20-30%,0.005706077221,3.34E-04,0.005600409133,4.3,0.24
Electronics|HomeAudio|Accessories|SpeakerAccessories|Mounts,50%+,0.007015559638,4.21E-04,0.006495888221,4,0.73
"Home&Kitchen|Heating,Cooling&AirQuality|WaterHeaters&Geysers|ImmersionRods",20-30%,0.05366695531,0.005144508067,0.05068545421,4.1,0.255
Home&Kitchen|Kitchen&HomeAppliances|SmallKitchenAppliances,30-40%,0.004955816878,0.002212687955,0.004955817019,4.4,0.39
OfficeProducts|OfficePaperProducts|Paper|Copy&PrintingPaper|ColouredPaper,0-10%,8.88E-04,1.51E-05,8.72E-04,4.3,0
"Computers&Accessories|Accessories&Peripherals|Keyboards,Mice&InputDevices|Keyboard&MiceAccessories|MousePads",50%+,0.008675788271,3.96E-04,0.008616788727,4.34,0.694
Computers&Accessories|NetworkingDevices|Routers,50%+,0.02340604675,0.004821097227,0.02210570969,4.1,0.6
Home&Kitchen|Kitchen&HomeAppliances|SmallKitchenAppliances|HandMixers,50%+,0.00120031009,9.77E-05,0.001133626138,4.1,0.64
Computers&Accessories|Accessories&Peripherals|Audio&VideoAccessories|PCSpeakers,40-50%,0.01349550419,0.001773552005,0.01260081293,4.05,0.465
Home&Kitchen|Kitchen&HomeAppliances|SmallKitchenAppliances|MiniFoodProcessors&Choppers,40-50%,0.003189471423,7.75E-04,0.002953214129,4,0.49
Home&Kitchen|Kitchen&HomeAppliances|SmallKitchenAppliances|MixerGrinders,50%+,0.02208386523,0.007417827754,0.02009078726,3.885714286,0.5842857143
"Home&Kitchen|Heating,Cooling&AirQuality|RoomHeaters|FanHeaters",40-50%,1.66E-04,1.09E-04,1.48E-04,3.275,0.4525
Home&Kitchen|Kitchen&HomeAppliances|SmallKitchenAppliances|MixerGrinders,30-40%,0.05410223406,0.03004116397,0.05120577954,4.125,0.37
Home&Kitchen|Kitchen&HomeAppliances|SmallKitchenAppliances|InductionCooktop,30-40%,0.03450726483,0.01828690164,0.0329328284,4.15,0.375
Home&Kitchen|Kitchen&HomeAppliances|WaterPurifiers&Accessories|WaterFilters&Purifiers,30-40%,0.01867142227,0.0428632465,0.01766289672,4.15,0.34
Home&Kitchen|Kitchen&HomeAppliances|SmallKitchenAppliances|Rice&PastaCookers,20-30%,0.008674116183,0.003897350872,0.008269638554,4.15,0.25
"Home&Kitchen|Heating,Cooling&AirQuality|RoomHeaters",50%+,0.006304422485,0.007092819565,0.005837427928,4,0.53
"Home&Kitchen|Heating,Cooling&AirQuality|RoomHeaters|FanHeaters",30-40%,0.006201903744,0.001930933898,0.005744939028,3.957142857,0.3757142857
Home&Kitchen|CraftMaterials|DrawingMaterials|DrawingMedia|Pens,0-10%,0.02510228984,3.88E-04,0.02510228954,4.4,0.1
"Electronics|HomeTheater,TV&Video|SatelliteEquipment|SatelliteReceivers",40-50%,0.009083260108,0.001951918508,0.008915051648,4.3,0.47
"Electronics|HomeTheater,TV&Video|Accessories|Cables|HDMICables",20-30%,0.1031774896,0.008277524093,0.1031774849,4.4,0.22
Home&Kitchen|Kitchen&HomeAppliances|SmallKitchenAppliances|MixerGrinders,40-50%,0.01923675831,0.009221671457,0.01738773622,3.890909091,0.4654545455
Electronics|Mobiles&Accessories|MobileAccessories|AutomobileAccessories|Cradles,50%+,0.05202056368,0.003211722501,0.04727532679,3.95,0.705
Electronics|Cameras&Photography|Accessories|Tripods&Monopods|TripodLegs,50%+,0.02964579754,0.001967952362,0.02731539578,4.05,0.625
"Electronics|HomeTheater,TV&Video|Accessories|RemoteControls",30-40%,6.77E-04,1.08E-04,5.72E-04,3.566666667,0.3766666667
Home&Kitchen|Kitchen&HomeAppliances|SmallKitchenAppliances|SandwichMakers,0-10%,0.08966140184,0.02000844393,0.08634060002,4.2,0
"Computers&Accessories|Accessories&Peripherals|Keyboards,Mice&InputDevices|Mice",20-30%,0.05952562627,0.006712815498,0.06002618898,4.4,0.26
Home&Kitchen|Kitchen&HomeAppliances|SmallKitchenAppliances|DigitalKitchenScales,50%+,0.002464512517,2.11E-04,0.002269381741,4.083333333,0.6916666667
Home&Kitchen|Kitchen&HomeAppliances|SmallKitchenAppliances|SandwichMakers,50%+,0.001783458524,5.20E-04,0.001708198343,4.2,0.615
"Electronics|HomeTheater,TV&Video|Accessories|Cables|HDMICables",40-50%,0.01215331319,6.31E-04,0.01074726426,3.95,0.4575
Electronics|Mobiles&Accessories|MobileAccessories|Décor,50%+,0.007851167085,1.47E-04,0.007463403753,4.16,0.732
"Home&Kitchen|Heating,Cooling&AirQuality|WaterHeaters&Geysers|ImmersionRods",50%+,6.61E-04,1.70E-04,6.25E-04,4.1,0.57
Computers&Accessories|Accessories&Peripherals|LaptopAccessories|NotebookComputerStands,50%+,0.02328447298,0.001549028253,0.02290928878,4.3,0.7566666667
"Computers&Accessories|Accessories&Peripherals|Keyboards,Mice&InputDevices|Mice",10-20%,0.007509576399,4.23E-04,0.007092376853,4.1,0.18
Home&Kitchen|Kitchen&HomeAppliances|SmallKitchenAppliances|WaffleMakers&Irons,50%+,9.29E-04,1.44E-04,8.62E-04,4.1,0.55
"OfficeProducts|OfficePaperProducts|Paper|Stationery|Pens,Pencils&WritingSupplies|Pens&Refills|BottledInk",0-10%,0.007045048942,1.15E-04,0.006914584688,4.3,0.05
"Home&Kitchen|Heating,Cooling&AirQuality|RoomHeaters|ElectricHeaters",50%+,3.08E-04,4.91E-05,2.67E-04,3.85,0.5775
Electronics|HomeAudio|Speakers|SoundbarSpeakers,50%+,0.01015190869,0.008718252413,0.009775910585,4.2,0.6
"OfficeProducts|OfficePaperProducts|Paper|Stationery|Pens,Pencils&WritingSupplies|Pens&Refills|StickBallpointPens",0-10%,0.009401701044,1.94E-04,0.008879383382,4.1,0
Computers&Accessories|Accessories&Peripherals|LaptopAccessories|CameraPrivacyCovers,0-10%,0.02479500088,6.35E-04,0.02433583486,4.3,0
"Computers&Accessories|Accessories&Peripherals|Keyboards,Mice&InputDevices|Keyboards",40-50%,0.006201584388,3.19E-04,0.005512519173,3.8,0.5
Electronics|HomeAudio|Speakers|BluetoothSpeakers,30-40%,0.1462545748,0.05022510588,0.1435461576,4.3,0.33
Home&Kitchen|Kitchen&HomeAppliances|SmallKitchenAppliances|EggBoilers,50%+,0.008708138973,6.87E-04,0.008311103784,4.333333333,0.63
"Home&Kitchen|Kitchen&HomeAppliances|Vacuum,Cleaning&Ironing|Irons,Steamers&Accessories|Irons|DryIrons",10-20%,0.03413339059,0.005130965503,0.03292966292,4.18,0.156
Toys&Games|Arts&Crafts|Drawing&PaintingSupplies|ColouringPens&Markers,0-10%,0.03631701856,9.36E-04,0.03564448033,4.3,0
"Electronics|HomeTheater,TV&Video|AVReceivers&Amplifiers",30-40%,0.001909850378,6.53E-04,0.001768379889,4,0.36
Computers&Accessories|Laptops|TraditionalLaptops,30-40%,6.88E-04,0.004400472971,6.37E-04,4,0.38
"Electronics|HomeTheater,TV&Video|Accessories|Cables|OpticalCables",50%+,0.06711973804,0.005603832757,0.06463381673,4.2,0.76
"Electronics|HomeTheater,TV&Video|Accessories|TVMounts,Stands&Turntables|TVWall&CeilingMounts",10-20%,2.43E-04,3.72E-05,2.38E-04,4.3,0.15
Home&Kitchen|Kitchen&HomeAppliances|SmallKitchenAppliances|HandMixers,20-30%,0.03409753608,0.005734615614,0.03283466072,4.2,0.3
Home&Kitchen|Kitchen&HomeAppliances|SmallKitchenAppliances|HandBlenders,50%+,0.00115179201,1.06E-04,0.001102962792,3.8875,0.61125
Home&Kitchen|Kitchen&HomeAppliances|SmallKitchenAppliances|VacuumSealers,40-50%,0.003421282972,9.40E-05,0.00354184584,3.6,0.46
"Home&Kitchen|Kitchen&HomeAppliances|Vacuum,Cleaning&Ironing|Irons,Steamers&Accessories|LintShavers",40-50%,0.004027878706,3.89E-04,0.003802139316,4.233333333,0.4833333333
Electronics|Mobiles&Accessories|MobileAccessories|Stands,50%+,0.03038084964,0.001037208289,0.03008089546,4.16,0.764
Home&Kitchen|Kitchen&HomeAppliances|SmallKitchenAppliances|HandBlenders,20-30%,0.01968730228,0.004946721965,0.01887253066,4.166666667,0.2566666667
"Home&Kitchen|Heating,Cooling&AirQuality|RoomHeaters",40-50%,0.003820871631,0.001640315394,0.003396329813,3.8,0.5
Home&Kitchen|CraftMaterials|Scrapbooking|Tape,20-30%,0.03067801126,6.85E-04,0.02783745375,3.9,0.21
Electronics|Mobiles&Accessories|MobileAccessories|Chargers|WallChargers,30-40%,0.01020817143,0.00177761746,0.01015372958,4.3,0.36
Computers&Accessories|NetworkingDevices|NetworkAdapters|WirelessUSBAdapters,50%+,0.06823100893,0.007104164487,0.06497761454,3.928571429,0.6285714286
Home&Kitchen|Kitchen&HomeAppliances|SmallKitchenAppliances|Kettles&HotWaterDispensers|ElectricKettles,30-40%,0.06597910279,0.008489592638,0.05986993043,3.9,0.4
"Home&Kitchen|Heating,Cooling&AirQuality|AirPurifiers|HEPAAirPurifiers",20-30%,0.009169837064,0.01479312394,0.008832022048,4.2,0.25
"Computers&Accessories|Accessories&Peripherals|Keyboards,Mice&InputDevices|Keyboards",50%+,0.06598495796,0.006223231359,0.06476301393,4.3,0.69
Computers&Accessories|Monitors,40-50%,0.006003626374,0.01041575323,0.005892448397,4.3,0.47
Electronics|Mobiles&Accessories|Smartphones&BasicMobiles|BasicMobiles,20-30%,0.183148246,0.04209042011,0.1694873427,3.833333333,0.24
Computers&Accessories|Accessories&Peripherals|Cables&Accessories|Cables|EthernetCables,40-50%,0.01891454601,9.33E-04,0.01891454595,4.4,0.42
Electronics|Mobiles&Accessories|MobileAccessories|Chargers|WallChargers,20-30%,0.02082333181,0.004360663529,0.02082333067,4.4,0.28
"Computers&Accessories|Printers,Inks&Accessories|Inks,Toners&Cartridges|InkjetInkCartridges",20-30%,0.02017457778,0.001070931248,0.02017457872,4.4,0.24
"Electronics|HomeTheater,TV&Video|Televisions|SmartTelevisions",10-20%,0.01473762499,0.1569678882,0.01391886685,4.1,0.11
Electronics|GeneralPurposeBatteries&BatteryChargers|RechargeableBatteries,0-10%,0.02900273979,0.001245597378,0.02631730157,3.9,0
"Home&Kitchen|Kitchen&HomeAppliances|Coffee,Tea&Espresso|DripCoffeeMachines",40-50%,0.004591731512,3.00E-04,0.004336634901,4.1,0.44
Computers&Accessories|Accessories&Peripherals|HardDriveAccessories|Caddies,50%+,0.01600340654,5.47E-04,0.01511432714,4.1,0.75
Computers&Accessories|Components|InternalSolidStateDrives,50%+,0.007094125922,0.002082761726,0.007094126012,4.4,0.57
"Computers&Accessories|Accessories&Peripherals|Keyboards,Mice&InputDevices|Mice",50%+,0.04473985178,0.002445990681,0.04447480769,4.271428571,0.5642857143
Electronics|Mobiles&Accessories|Smartphones&BasicMobiles|Smartphones,20-30%,0.08575418702,0.1536940349,0.08098087708,4.1,0.258
"Home&Kitchen|Kitchen&HomeAppliances|Coffee,Tea&Espresso|CoffeeGrinders|ElectricGrinders",50%+,8.40E-04,3.52E-05,6.69E-04,3.3,0.51
"Home&Kitchen|Heating,Cooling&AirQuality|RoomHeaters|ElectricHeaters",20-30%,0.01397275379,0.003361592131,0.01201658334,3.85,0.295
Home&Kitchen|Kitchen&HomeAppliances|WaterPurifiers&Accessories|WaterCartridges,0-10%,0.0172862387,0.002728454572,0.01641161634,4.033333333,0.03
Electronics|GeneralPurposeBatteries&BatteryChargers|DisposableBatteries,0-10%,0.004944106536,3.23E-04,0.004944106578,4.4,0.05
"Electronics|Headphones,Earbuds&Accessories|Headphones|In-Ear",10-20%,0.1583601731,0.04567676211,0.1495623753,4.1,0.16
Computers&Accessories|Accessories&Peripherals|LaptopAccessories|CoolingPads,30-40%,0.01618369311,0.001665340682,0.01498490026,4,0.4
Computers&Accessories|NetworkingDevices|NetworkAdapters|WirelessUSBAdapters,10-20%,0.003893635599,1.94E-04,0.003388904885,3.7,0.17
Electronics|Mobiles&Accessories|MobileAccessories|Chargers|PowerBanks,20-30%,0.04076253065,0.01259769017,0.03849794266,4.1,0.28
Electronics|Mobiles&Accessories|MobileAccessories|Photo&VideoAccessories|Flashes&SelfieLights|SelfieLights,50%+,0.03136301039,0.009153975566,0.02962061548,4.1,0.51
Computers&Accessories|NetworkingDevices|Routers,40-50%,0.04381359514,0.01361429931,0.04279320507,4.25,0.495
"OfficeProducts|OfficePaperProducts|Paper|Stationery|Pens,Pencils&WritingSupplies|Pens&Refills|LiquidInkRollerballPens",0-10%,0.00891718555,2.60E-04,0.0084616542,4.15,0.05
"Home&Kitchen|Heating,Cooling&AirQuality|Fans|CeilingFans",40-50%,0.01954533321,0.004637268795,0.01832860035,4,0.455
Electronics|GeneralPurposeBatteries&BatteryChargers,0-10%,0.06154019639,0.009046539031,0.06154019185,4.4,0.05
"Electronics|HomeTheater,TV&Video|Accessories|Cables|HDMICables",50%+,0.1830692189,0.008268787753,0.1826917886,4.305555556,0.6638888889
Home&Kitchen|Kitchen&HomeAppliances|SmallKitchenAppliances|Kettles&HotWaterDispensers|ElectricKettles,20-30%,0.01978997248,0.003447145255,0.01787823182,3.925,0.2475
OfficeProducts|OfficeElectronics|Calculators|Basic,0-10%,0.02062350973,0.001558884313,0.0210054255,4.5,0
Home&Kitchen|Kitchen&HomeAppliances|SmallKitchenAppliances|Juicers|ColdPressJuicers,40-50%,0.005358652655,0.01160739857,0.005358652676,4.4,0.47
Electronics|Mobiles&Accessories|Smartphones&BasicMobiles|Smartphones,0-10%,0.04850116576,0.1701113754,0.04636773503,4.214285714,0.04285714286
Home&Kitchen|Kitchen&HomeAppliances|SmallKitchenAppliances|JuicerMixerGrinders,50%+,0.002788591803,9.18E-04,0.002620709915,3.625,0.6925
Electronics|Mobiles&Accessories|Smartphones&BasicMobiles|Smartphones,30-40%,0.05637221539,0.132273694,0.05319449079,4.025,0.32625
"Home&Kitchen|Heating,Cooling&AirQuality|WaterHeaters&Geysers|InstantWaterHeaters",30-40%,0.009533761769,0.004904873656,0.009180658981,4.2,0.395
"OfficeProducts|OfficePaperProducts|Paper|Stationery|Notebooks,WritingPads&Diaries",50%+,0.008079604459,0.001941808693,0.007929981225,4.3,0.53
"Electronics|Headphones,Earbuds&Accessories|Headphones|In-Ear",30-40%,0.4203016723,0.04325004601,0.3969515457,4.1,0.4
"Home&Kitchen|Heating,Cooling&AirQuality|WaterHeaters&Geysers|InstantWaterHeaters",40-50%,0.01061190483,0.005283068162,0.01011829539,4.114285714,0.4428571429
Home&Kitchen|Kitchen&HomeAppliances|SmallKitchenAppliances|SandwichMakers,40-50%,6.69E-04,3.43E-05,6.19E-04,4,0.5
"Computers&Accessories|Accessories&Peripherals|Keyboards,Mice&InputDevices|Keyboard&MouseSets",40-50%,0.05715338504,0.01355537356,0.0550365894,4.2,0.425
Home&Kitchen|Kitchen&HomeAppliances|SmallKitchenAppliances|EggBoilers,30-40%,0.001442261731,3.82E-04,0.001392127447,4.25,0.37
"Home&Kitchen|Heating,Cooling&AirQuality|Humidifiers",30-40%,0.004432683935,0.001651530786,0.00408929075,3.8,0.375
Computers&Accessories|Accessories&Peripherals|UninterruptedPowerSupplies,10-20%,0.0327643152,0.01856872313,0.0297305823,3.9,0.2
Home&Kitchen|Kitchen&HomeAppliances|SmallKitchenAppliances|SandwichMakers,20-30%,0.01294368122,0.002828215122,0.01206477312,4.025,0.2575
Electronics|Mobiles&Accessories|Smartphones&BasicMobiles|Smartphones,40-50%,0.0621276191,0.4054643304,0.05982659428,4.2,0.49
Home&Kitchen|Kitchen&HomeAppliances|SmallKitchenAppliances|VacuumSealers,10-20%,0.00612557362,0.001678441024,0.005671827136,4,0.11
Home&Kitchen|Kitchen&HomeAppliances|SmallKitchenAppliances|DigitalKitchenScales|DigitalScales,0-10%,1.60E-05,6.58E-07,1.57E-05,4.3,0
Home&Kitchen|Kitchen&HomeAppliances|SmallKitchenAppliances|JuicerMixerGrinders,20-30%,0.01108274783,0.01064001218,0.01095194482,4.275,0.2575
"Home&Kitchen|Heating,Cooling&AirQuality|Fans|ExhaustFans",20-30%,0.01709922897,0.004109536829,0.0158326186,4,0.26
"Home&Kitchen|Kitchen&HomeAppliances|Vacuum,Cleaning&Ironing|Irons,Steamers&Accessories|Irons|SteamIrons",30-40%,0.00454939701,0.001219538857,0.003910197352,3.666666667,0.3366666667
Electronics|Cameras&Photography|SecurityCameras|DomeCameras,50%+,0.007961808528,0.003046494371,0.007413855799,3.95,0.63
Home&Kitchen|Kitchen&HomeAppliances|WaterPurifiers&Accessories|WaterPurifierAccessories,50%+,0.001486500211,6.50E-05,0.001347578635,3.66,0.676
Home&Kitchen|Kitchen&HomeAppliances|SmallKitchenAppliances|MiniFoodProcessors&Choppers,50%+,0.00155311075,2.69E-04,0.001417548023,3.666666667,0.5566666667
"Home&Kitchen|Heating,Cooling&AirQuality|AirConditioners|Split-SystemAirConditioners",40-50%,0.007395241407,0.05461581797,0.007258292583,4.3,0.43
Electronics|HomeAudio|Accessories|Adapters,50%+,0.04419951879,0.001586947121,0.04419951682,4.4,0.65
Home&Kitchen|Kitchen&HomeAppliances|SmallKitchenAppliances|DeepFatFryers|AirFryers,30-40%,0.007645788972,0.008918477395,0.007787377257,4.5,0.38
Computers&Accessories|Accessories&Peripherals|Audio&VideoAccessories|Webcams&VoIPEquipment|Webcams,50%+,0.02395382357,0.007777414824,0.02262305346,4.1,0.66
Home&Kitchen|CraftMaterials|PaintingMaterials,0-10%,0.02258046762,8.92E-04,0.02299862325,4.5,0
Electronics|HomeAudio|Speakers|BluetoothSpeakers,40-50%,0.1343226834,0.01266835798,0.1218853966,3.9,0.45
Computers&Accessories|Accessories&Peripherals|LaptopAccessories|CoolingPads,40-50%,0.06134739359,0.01052834828,0.05907526349,4.2,0.5
"Electronics|HomeTheater,TV&Video|Projectors",40-50%,0.02175568691,0.03546807591,0.01974127143,3.9,0.41
Electronics|Cameras&Photography|Accessories|PhotoStudio&Lighting|PhotoBackgroundAccessories|BackgroundSupports,40-50%,0.01415189549,0.00169937977,0.01388982165,4.3,0.46
Computers&Accessories|ExternalDevices&DataStorage|PenDrives,50%+,0.1918754537,0.01874373071,0.1880037284,4.277777778,0.6077777778
Electronics|Mobiles&Accessories|MobileAccessories|Chargers|AutomobileChargers,40-50%,0.0457082101,0.004585688669,0.04489819445,4.35,0.46
Electronics|HomeAudio|MediaStreamingDevices|StreamingClients,0-10%,5.37E-04,4.33E-04,5.46E-04,4.5,0
Home&Kitchen|Kitchen&HomeAppliances|SmallKitchenAppliances|Mills&Grinders|WetGrinders,20-30%,0.02664864055,0.01674468711,0.02418117358,3.9,0.29
"Home&Kitchen|Kitchen&HomeAppliances|Vacuum,Cleaning&Ironing|Vacuums&FloorCare|Vacuums|CanisterVacuums",30-40%,0.0146723126,0.01007876344,0.01412889291,4.2,0.385
Home&Kitchen|HomeStorage&Organization|LaundryOrganization|IroningAccessories|SprayBottles,30-40%,0.006118866256,1.99E-04,0.005892241199,4.2,0.37
Computers&Accessories|Accessories&Peripherals|PCGamingPeripherals|GamingKeyboards,50%+,9.34E-04,2.44E-04,9.17E-04,4.3,0.57
Computers&Accessories|Components|Memory,40-50%,0.06274241739,0.0193151412,0.06390431074,4.5,0.49
Computers&Accessories|ExternalDevices&DataStorage|ExternalHardDisks,10-20%,0.1217050557,0.08567994978,0.1239588466,4.5,0.18
Electronics|PowerAccessories|SurgeProtectors,10-20%,0.04950600453,0.01096249571,0.05042277981,4.5,0.14
Electronics|Cameras&Photography|SecurityCameras|DomeCameras,20-30%,0.1552320825,0.0842162346,0.1504299775,4.25,0.245
"Home&Kitchen|Heating,Cooling&AirQuality|RoomHeaters|HalogenHeaters",10-20%,0.00154997032,3.75E-04,0.001349048224,3.7,0.14
"Electronics|HomeTheater,TV&Video|Accessories|Cables|RCACables",50%+,0.1628627678,0.01368136084,0.1628627606,4.4,0.59
Home&Kitchen|Kitchen&HomeAppliances|SmallKitchenAppliances|DigitalKitchenScales,40-50%,0.06418423067,0.00565131674,0.05953621822,4.1,0.415
"Computers&Accessories|Printers,Inks&Accessories|Inks,Toners&Cartridges|TonerCartridges",40-50%,0.005532338323,5.68E-04,0.005224985729,4.1,0.48
Electronics|Cameras&Photography|Accessories|Tripods&Monopods|Tabletop&TravelTripods,50%+,0.04367396129,0.004969608075,0.04309880778,4.35,0.695
"OfficeProducts|OfficePaperProducts|Paper|Stationery|Pens,Pencils&WritingSupplies|Pens&Refills|FountainPens",0-10%,0.01047106822,4.05E-04,0.009889341213,4.1,0
Computers&Accessories|Accessories&Peripherals|PCGamingPeripherals|GamingMice,30-40%,0.02634614111,0.00902939284,0.02732192272,4.6,0.31
Computers&Accessories|Accessories&Peripherals|TabletAccessories|ScreenProtectors,20-30%,0.03995355891,0.008469724128,0.04069343755,4.5,0.23
Computers&Accessories|ExternalDevices&DataStorage|PenDrives,20-30%,0.04071451825,0.002441031341,0.03845259958,4.1,0.22
Electronics|Mobiles&Accessories|MobileAccessories|StylusPens,50%+,0.02501567283,0.0053011471,0.02339116834,4.15,0.64625
"Electronics|Mobiles&Accessories|MobileAccessories|Maintenance,Upkeep&Repairs|ScreenProtectors",50%+,0.02050303489,0.003042502335,0.02111450569,4.5,0.6966666667
"Home&Kitchen|Kitchen&HomeAppliances|Coffee,Tea&Espresso|MilkFrothers",40-50%,8.64E-04,3.40E-05,7.36E-04,3.6,0.43
"Home&Kitchen|Heating,Cooling&AirQuality|RoomHeaters|HeatConvectors",20-30%,0.002024079418,7.66E-04,0.001782574193,3.7,0.27
Electronics|Mobiles&Accessories|MobileAccessories|Photo&VideoAccessories|SelfieSticks,50%+,0.009475370276,9.26E-04,0.008917839225,4.26,0.654
"Electronics|HomeTheater,TV&Video|Accessories|3DGlasses",20-30%,0.001156928594,5.36E-04,9.64E-04,3.5,0.23
Home&Kitchen|Kitchen&HomeAppliances|WaterPurifiers&Accessories|WaterFilters&Purifiers,10-20%,0.0219524196,0.006407290134,0.01870020727,3.6,0.11
Home&Kitchen|Kitchen&HomeAppliances|SmallKitchenAppliances|SmallApplianceParts&Accessories|StandMixerAccessories,0-10%,0.01045999715,0.001141048032,0.01026629347,4.3,0
Electronics|Mobiles&Accessories|MobileAccessories|Mounts|Shower&WallMounts,50%+,0.02038344771,3.12E-04,0.01925103197,4.1,0.82
Electronics|GeneralPurposeBatteries&BatteryChargers|DisposableBatteries,20-30%,0.07400702684,0.0111753331,0.07400702364,4.4,0.21
Electronics|Mobiles&Accessories|MobileAccessories|Chargers|AutomobileChargers,50%+,0.02397600313,0.001429843304,0.02233714665,4.066666667,0.66
Home&Kitchen|Kitchen&HomeAppliances|SmallKitchenAppliances|Kettles&HotWaterDispensers|Kettle&ToasterSets,50%+,0.005174640611,9.13E-04,0.004875255355,3.9,0.64
Electronics|HomeAudio|Speakers|TowerSpeakers,40-50%,5.70E-04,2.25E-04,5.07E-04,3.8,0.43
"Home&Kitchen|Heating,Cooling&AirQuality|RoomHeaters|ElectricHeaters",0-10%,0.00272805732,6.61E-04,0.002476469655,4,0.07
Computers&Accessories|NetworkingDevices|Repeaters&Extenders,50%+,0.07347670004,0.02294291605,0.07075533577,4.2,0.61
Electronics|Mobiles&Accessories|MobileAccessories|Chargers|PowerBanks,50%+,0.07746710831,0.01662846804,0.07172880031,4,0.59
Home&Kitchen|HomeStorage&Organization|LaundryOrganization|LaundryBaskets,50%+,0.006283488317,2.82E-04,0.005807962111,3.942857143,0.6085714286
"Home&Kitchen|Kitchen&HomeAppliances|Vacuum,Cleaning&Ironing|Irons,Steamers&Accessories|LintShavers",10-20%,0.005960351336,0.001138241129,0.005859718879,4.25,0.15
"Home&Kitchen|Kitchen&HomeAppliances|Vacuum,Cleaning&Ironing|Irons,Steamers&Accessories|Irons|DryIrons",20-30%,0.02459991598,0.003017093158,0.02368880529,4.2,0.2733333333
"OfficeProducts|OfficePaperProducts|Paper|Stationery|Notebooks,WritingPads&Diaries|Notepads&MemoBooks",50%+,0.02039217724,6.94E-04,0.01925927653,4.1,0.75
MusicalInstruments|Microphones|Condenser,30-40%,0.04089485752,0.00335811249,0.03635098063,3.8,0.32
