category,PerformanceCategory,ProductCount,AvgNormalizedSalesVolume,AvgNormalizedRevenue,AvgNormalizedInventoryPerformance
Computers&Accessories|Accessories&Peripherals|USBGadgets|Lamps,Medium Performing,2,0.01902919985,1.48E-04,0.01643322853
Electronics|HomeAudio|Speakers|BluetoothSpeakers,Medium Performing,2,0.05695564261,0.01592109568,0.05404076185
"Electronics|Mobiles&Accessories|MobileAccessories|Maintenance,Upkeep&Repairs|ScreenProtectors",Medium Performing,5,0.02613088352,0.003737816229,0.02682579142
"Electronics|HomeTheater,TV&Video|Accessories|TVMounts,Stands&Turntables|TVWall&CeilingMounts",Low Performing,6,0.00255630551,3.75E-04,0.002372160447
Computers&Accessories|Accessories&Peripherals|PCGamingPeripherals|Headsets,Low Performing,1,0.004132366897,8.51E-04,0.003673214831
"Computers&Accessories|Printers,Inks&Accessories|Inks,Toners&Cartridges|InkjetInkCartridges",Low Performing,2,0.008874576219,0.001112103632,0.008685500882
Electronics|Mobiles&Accessories|MobileAccessories|Photo&VideoAccessories|Flashes&SelfieLights|SelfieLights,Medium Performing,1,0.03136301039,0.009153975566,0.02962061548
Computers&Accessories|Accessories&Peripherals|LaptopAccessories|LaptopChargers&PowerSupplies,Low Performing,2,0.005308511364,4.51E-04,0.0048620297
Computers&Accessories|NetworkingDevices|NetworkAdapters|BluetoothAdapters,High Performing,1,0.2177052711,0.02240239309,0.2136736968
Electronics|Mobiles&Accessories|MobileAccessories|Chargers|AutomobileChargers,Low Performing,1,0.003934675026,5.90E-04,0.003934674825
"Home&Kitchen|Heating,Cooling&AirQuality|AirPurifiers|HEPAAirPurifiers",Low Performing,4,0.007990845121,0.01584179282,0.007800469133
"Home&Kitchen|Kitchen&HomeAppliances|Vacuum,Cleaning&Ironing|Vacuums&FloorCare|Vacuums|Wet-DryVacuums",Low Performing,4,0.00757786872,0.007718876239,0.007034352504
Home&Kitchen|Kitchen&HomeAppliances|SmallKitchenAppliances|InductionCooktop,Medium Performing,6,0.04160445068,0.01882187893,0.03941003272
Home&Kitchen|Kitchen&HomeAppliances|SmallKitchenAppliances|EggBoilers,Low Performing,10,0.003188540033,4.42E-04,0.003158391909
"Home&Kitchen|Heating,Cooling&AirQuality|Fans|TableFans",Low Performing,2,0.005170009686,9.42E-04,0.004860480593
Computers&Accessories|ExternalDevices&DataStorage|ExternalHardDisks,Low Performing,1,1.69E-04,1.45E-05,1.66E-04
Computers&Accessories|Accessories&Peripherals|USBGadgets|Lamps,Low Performing,3,0.003618318345,7.85E-05,0.003339224302
Electronics|Mobiles&Accessories|MobileAccessories|StylusPens,Medium Performing,6,0.03213582255,0.00652419777,0.02994725352
"Home&Kitchen|Kitchen&HomeAppliances|Coffee,Tea&Espresso|CoffeeMakerAccessories|MeasuringSpoons",Medium Performing,1,0.01111322134,3.51E-04,0.01070161901
"Home&Kitchen|Kitchen&HomeAppliances|Vacuum,Cleaning&Ironing|Irons,Steamers&Accessories|LintShavers",Medium Performing,1,0.01060419405,9.09E-04,0.01001507164
Computers&Accessories|Accessories&Peripherals|PCGamingPeripherals|GamingKeyboards,Low Performing,2,0.001989134719,8.15E-04,0.002008676989
Computers&Accessories|Accessories&Peripherals|Cables&Accessories|Cables|DVICables,Medium Performing,1,0.05896626048,0.005054785944,0.05896625874
Electronics|Mobiles&Accessories|MobileAccessories|Chargers|PowerBanks,High Performing,3,0.4095008775,0.1019346559,0.4019175389
"Computers&Accessories|Accessories&Peripherals|Keyboards,Mice&InputDevices|Mice",High Performing,3,0.132745357,0.01205681376,0.1327823723
Home&Kitchen|Kitchen&HomeAppliances|SmallKitchenAppliances|OvenToasterGrills,Medium Performing,2,0.0210809849,0.0196646024,0.0205430878
Computers&Accessories|NetworkingDevices|DataCards&Dongles,Medium Performing,1,0.02268048459,0.008178306636,0.02016042872
"Computers&Accessories|Accessories&Peripherals|Keyboards,Mice&InputDevices|Keyboard&MiceAccessories|MousePads",Low Performing,4,0.003200423201,1.67E-04,0.003185831615
Electronics|HomeAudio|MediaStreamingDevices|StreamingClients,Low Performing,1,5.37E-04,4.33E-04,5.46E-04
Computers&Accessories|Accessories&Peripherals|LaptopAccessories|Lapdesks,Medium Performing,5,0.04224413488,0.006580664024,0.04003373584
Home&Kitchen|Kitchen&HomeAppliances|SmallKitchenAppliances|HandMixers,Low Performing,1,0.00120031009,9.77E-05,0.001133626138
Home&Kitchen|Kitchen&HomeAppliances|SmallKitchenAppliances|JuicerMixerGrinders,Low Performing,7,0.002793357685,0.001738853226,0.00255859389
Home&Kitchen|HomeStorage&Organization|LaundryOrganization|LaundryBags,Low Performing,1,0.008598158644,4.73E-04,0.008279707427
Computers&Accessories|Components|InternalSolidStateDrives,High Performing,1,0.2225830013,0.06940124378,0.226704902
Computers&Accessories|Accessories&Peripherals|LaptopAccessories|NotebookComputerStands,Medium Performing,2,0.03391733121,0.002271695363,0.03339193942
Electronics|Cameras&Photography|Accessories|PhotoStudio&Lighting|PhotoBackgroundAccessories|BackgroundSupports,Medium Performing,1,0.01415189549,0.00169937977,0.01388982165
Electronics|GeneralPurposeBatteries&BatteryChargers|DisposableBatteries,Low Performing,4,0.003857107315,1.61E-04,0.003846627422
Home&Kitchen|CraftMaterials|Scrapbooking|Tape,Medium Performing,1,0.03067801126,6.85E-04,0.02783745375
Home&Kitchen|Kitchen&Dining|KitchenTools|ManualChoppers&Chippers|Choppers,High Performing,1,0.5904717629,0.02018602715,0.5576677652
Electronics|Cameras&Photography|Accessories|Tripods&Monopods|Tabletop&TravelTripods,Medium Performing,2,0.04367396129,0.004969608075,0.04309880778
HomeImprovement|Electrical|Adapters&Multi-Outlets,Low Performing,1,0.005495344287,4.01E-04,0.005088281487
Electronics|Mobiles&Accessories|MobileAccessories|AutomobileAccessories|Cradles,Medium Performing,2,0.06801902047,0.004930947007,0.06208871195
Home&Kitchen|Kitchen&HomeAppliances|SmallKitchenAppliances|Kettles&HotWaterDispensers|ElectricKettles,Low Performing,10,0.003657821168,8.64E-04,0.003460864864
Electronics|Mobiles&Accessories|MobileAccessories|Mounts|HandlebarMounts,Low Performing,1,0.002730585902,3.23E-04,0.002680019446
Electronics|GeneralPurposeBatteries&BatteryChargers|DisposableBatteries,Medium Performing,3,0.06126915164,0.00540492777,0.06194692909
"Home&Kitchen|Kitchen&HomeAppliances|Coffee,Tea&Espresso|EspressoMachines",Low Performing,1,0.007919651296,0.006529131796,0.007186349882
"OfficeProducts|OfficePaperProducts|Paper|Stationery|Notebooks,WritingPads&Diaries|WireboundNotebooks",Medium Performing,4,0.01663525962,3.99E-04,0.01659491257
"Home&Kitchen|Kitchen&HomeAppliances|Vacuum,Cleaning&Ironing|Irons,Steamers&Accessories|Irons|SteamIrons",Medium Performing,2,0.05224848686,0.01484178423,0.05128092213
Home&Kitchen|CraftMaterials|PaintingMaterials,Medium Performing,1,0.02258046762,8.92E-04,0.02299862325
Home&Kitchen|Kitchen&HomeAppliances|SmallKitchenAppliances|InductionCooktop,Low Performing,3,7.95E-04,2.43E-04,7.58E-04
Computers&Accessories|Accessories&Peripherals|Cables&Accessories|CableConnectionProtectors,Medium Performing,1,0.01909802366,3.25E-04,0.01803702045
Home&Kitchen|Kitchen&HomeAppliances|WaterPurifiers&Accessories|WaterPurifierAccessories,Medium Performing,2,0.01720001776,0.002118758769,0.01634257787
"OfficeProducts|OfficePaperProducts|Paper|Stationery|Pens,Pencils&WritingSupplies|Pens&Refills|LiquidInkRollerballPens",Medium Performing,1,0.01352858484,2.09E-04,0.01277699616
Computers&Accessories|Accessories&Peripherals|Audio&VideoAccessories|PCHeadsets,Medium Performing,1,0.01345465106,0.001500084662,0.01121220864
"Computers&Accessories|Printers,Inks&Accessories|Printers",Low Performing,1,0.008046282147,0.008154029892,0.006854239464
"Electronics|Headphones,Earbuds&Accessories|Headphones|Over-Ear",Medium Performing,1,0.0270887365,0.003020174813,0.02458051989
"Computers&Accessories|Accessories&Peripherals|Keyboards,Mice&InputDevices|Mice",Medium Performing,12,0.04073994424,0.004384170774,0.04041745569
"Electronics|HomeTheater,TV&Video|Accessories|Cables|HDMICables",High Performing,5,0.8206350402,0.03793759966,0.8206350436
"Home&Kitchen|Heating,Cooling&AirQuality|Fans|PedestalFans",Medium Performing,1,0.01281712885,0.004365932781,0.01210506503
Computers&Accessories|Accessories&Peripherals|LaptopAccessories|Bags&Sleeves|LaptopSleeves&Slipcases,Low Performing,2,0.004397446384,2.20E-04,0.004212511357
Home&Kitchen|Kitchen&HomeAppliances|SmallKitchenAppliances|Pop-upToasters,Low Performing,1,0.009487931747,0.001791298147,0.009136525926
Computers&Accessories|Accessories&Peripherals|LaptopAccessories|CameraPrivacyCovers,Medium Performing,2,0.02479500088,6.35E-04,0.02433583486
"Home&Kitchen|Heating,Cooling&AirQuality|Parts&Accessories|FanParts&Accessories",Low Performing,1,0.007690713571,9.24E-04,0.00726345085
Computers&Accessories|Components|InternalHardDrives,Low Performing,1,8.09E-04,2.77E-05,7.79E-04
Home&Kitchen|HomeStorage&Organization|LaundryOrganization|IroningAccessories|SprayBottles,Low Performing,2,0.003290765605,1.03E-04,0.003164601273
Home&Kitchen|Kitchen&HomeAppliances|SmallKitchenAppliances,Low Performing,1,0.004955816878,0.002212687955,0.004955817019
"Home&Kitchen|Heating,Cooling&AirQuality|Fans|CeilingFans",Low Performing,3,0.003631270489,0.00137983159,0.003462256934
Home&Kitchen|Kitchen&HomeAppliances|SmallKitchenAppliances|MiniFoodProcessors&Choppers,Low Performing,6,0.002514991146,5.33E-04,0.002374572457
"Electronics|HomeTheater,TV&Video|Televisions|SmartTelevisions",Low Performing,25,0.003150569696,0.01540614892,0.003031493435
Computers&Accessories|NetworkingDevices|NetworkAdapters|PowerLANAdapters,Medium Performing,1,0.0537025654,0.0110614703,0.05469705454
"Computers&Accessories|Accessories&Peripherals|Keyboards,Mice&InputDevices|GraphicTablets",Medium Performing,3,0.02151718628,0.006287399234,0.01996872576
Electronics|Mobiles&Accessories|MobileAccessories|Photo&VideoAccessories|SelfieSticks,Medium Performing,1,0.03177548165,0.003269772969,0.03001017558
Home&Kitchen|Kitchen&HomeAppliances|SmallKitchenAppliances|HandMixers,Medium Performing,2,0.02469679262,0.004836778609,0.02406535455
"Home&Kitchen|Kitchen&HomeAppliances|Vacuum,Cleaning&Ironing|Vacuums&FloorCare|VacuumAccessories|VacuumBags|HandheldBags",Low Performing,1,0.006097468799,2.65E-04,0.0059845526
"Home&Kitchen|Kitchen&HomeAppliances|Vacuum,Cleaning&Ironing|Irons,Steamers&Accessories|Irons|DryIrons",High Performing,1,0.1042845321,0.01388418058,0.1004221342
"Electronics|Headphones,Earbuds&Accessories|Headphones|On-Ear",High Performing,6,0.1798152679,0.03629983708,0.1696256637
Home&Kitchen|Kitchen&HomeAppliances|SmallKitchenAppliances|SandwichMakers,Low Performing,7,0.003382136994,9.33E-04,0.003167523939
"OfficeProducts|OfficePaperProducts|Paper|Stationery|Pens,Pencils&WritingSupplies|Pens&Refills|StickBallpointPens",Low Performing,3,0.007651945595,2.98E-04,0.007248837665
Computers&Accessories|ExternalDevices&DataStorage|PenDrives,Medium Performing,4,0.04332313127,0.005297255284,0.042092539
Home&Kitchen|Kitchen&HomeAppliances|SmallKitchenAppliances|Kettles&HotWaterDispensers|Kettle&ToasterSets,Low Performing,10,0.002856679462,5.13E-04,0.002631248146
MusicalInstruments|Microphones|Condenser,Medium Performing,1,0.04089485752,0.00335811249,0.03635098063
Computers&Accessories|Accessories&Peripherals|HardDriveAccessories|Caddies,Medium Performing,1,0.01600340654,5.47E-04,0.01511432714
Electronics|Mobiles&Accessories|MobileAccessories|Décor,Medium Performing,2,0.01309210951,2.68E-04,0.01236476906
Computers&Accessories|Accessories&Peripherals|Cables&Accessories|Cables|USBCables,Low Performing,112,0.002589869106,1.60E-04,0.002457843594
"Electronics|Headphones,Earbuds&Accessories|Headphones|In-Ear",Medium Performing,15,0.04469874239,0.007088566398,0.04024486581
"Electronics|HomeTheater,TV&Video|AVReceivers&Amplifiers",Low Performing,1,0.001909850378,6.53E-04,0.001768379889
"Electronics|HomeTheater,TV&Video|SatelliteEquipment|SatelliteReceivers",Medium Performing,1,0.01747757949,0.003750096025,0.01715392071
Computers&Accessories|NetworkingDevices|Routers,High Performing,2,0.2151951805,0.04758744698,0.2086747609
"Electronics|HomeTheater,TV&Video|Projectors",Medium Performing,1,0.02175568691,0.03546807591,0.01974127143
Home&Kitchen|Kitchen&HomeAppliances|SmallKitchenAppliances|Juicers,Low Performing,2,0.006125759921,0.003839800775,0.005365666461
Home&Kitchen|Kitchen&HomeAppliances|SmallKitchenAppliances|Kettles&HotWaterDispensers|ElectricKettles,High Performing,2,0.1938031051,0.02273708238,0.1758583666
MusicalInstruments|Microphones|Condenser,High Performing,1,0.1461961721,0.02004183708,0.1353668191
Home&Kitchen|Kitchen&HomeAppliances|SmallKitchenAppliances|InductionCooktop,High Performing,1,0.109290283,0.03189874053,0.09714690535
"Home&Kitchen|Kitchen&HomeAppliances|Coffee,Tea&Espresso|DripCoffeeMachines",Low Performing,5,0.003133314902,2.32E-04,0.00295783792
"Home&Kitchen|Kitchen&HomeAppliances|Vacuum,Cleaning&Ironing|Vacuums&FloorCare|Vacuums|CanisterVacuums",Medium Performing,3,0.04572915405,0.03847859055,0.04328979807
Home&Kitchen|Kitchen&HomeAppliances|SmallKitchenAppliances|YogurtMakers,Low Performing,1,0.001215586764,1.23E-04,0.001148054008
Electronics|HomeAudio|Speakers|BluetoothSpeakers,High Performing,2,0.1402886291,0.03144673193,0.1327157771
"Electronics|Headphones,Earbuds&Accessories|Adapters",Medium Performing,2,0.01347482479,2.78E-04,0.01222715579
"Home&Kitchen|Heating,Cooling&AirQuality|WaterHeaters&Geysers|InstantWaterHeaters",Low Performing,16,0.002371690299,0.001107793307,0.002219720756
Electronics|Mobiles&Accessories|MobileAccessories|Stands,Medium Performing,3,0.05841163117,0.00259666279,0.05859423722
Electronics|HomeAudio|Speakers|SoundbarSpeakers,Low Performing,1,0.01015190869,0.008718252413,0.009775910585
Electronics|Mobiles&Accessories|MobileAccessories|Chargers|PowerBanks,Low Performing,1,0.006887597534,0.002956872833,0.006504951907
Home&Kitchen|Kitchen&HomeAppliances|SmallKitchenAppliances|SmallApplianceParts&Accessories,Low Performing,1,0.005461277837,6.45E-04,0.005562412326
"Home&Kitchen|Kitchen&HomeAppliances|Coffee,Tea&Espresso|CoffeePresses",Low Performing,1,0.002550991621,4.82E-04,0.002598232074
Computers&Accessories|Components|InternalSolidStateDrives,Low Performing,2,0.006425278807,0.00267652558,0.006371978414
Home&Kitchen|Kitchen&HomeAppliances|SmallKitchenAppliances|MixerGrinders,Low Performing,10,0.004273439262,0.002239112854,0.003994329851
Electronics|PowerAccessories|SurgeProtectors,Medium Performing,1,0.04950600453,0.01096249571,0.05042277981
"Electronics|HomeTheater,TV&Video|Accessories|Cables|RCACables",High Performing,1,0.1628627678,0.01368136084,0.1628627606
"Electronics|Headphones,Earbuds&Accessories|Cases",Medium Performing,1,0.03440583746,7.03E-04,0.03376869256
Home&Kitchen|Kitchen&HomeAppliances|SmallKitchenAppliances|HandBlenders,Medium Performing,7,0.02474206678,0.006059098886,0.02357470742
Computers&Accessories|Accessories&Peripherals|Audio&VideoAccessories|Webcams&VoIPEquipment|Webcams,Medium Performing,2,0.03532078992,0.01186910803,0.03422310951
Electronics|Mobiles&Accessories|MobileAccessories|Chargers|WallChargers,Medium Performing,8,0.02815311327,0.002829068452,0.02700695124
Home&Kitchen|Kitchen&HomeAppliances|SmallKitchenAppliances|Rice&PastaCookers,Medium Performing,1,0.02640267013,0.01233262991,0.0229801006
"Electronics|HomeTheater,TV&Video|Televisions|StandardTelevisions",Low Performing,6,0.00515201835,0.00612950484,0.004868834923
Computers&Accessories|Accessories&Peripherals|HardDiskBags,Low Performing,1,0.006440688287,4.39E-04,0.00596359996
"Electronics|Headphones,Earbuds&Accessories|Earpads",Low Performing,1,0.001201481124,2.04E-05,0.001067983167
Home&Kitchen|Kitchen&HomeAppliances|SmallKitchenAppliances|StandMixers,Low Performing,1,0.001222240474,0.001259604367,0.001199606324
Electronics|Mobiles&Accessories|MobileAccessories|Chargers|WallChargers,Low Performing,8,0.003851032474,2.63E-04,0.003622323118
Electronics|Accessories|MemoryCards|MicroSD,High Performing,10,0.2397880865,0.03719114843,0.2389169797
Electronics|Mobiles&Accessories|MobileAccessories|Photo&VideoAccessories|Tripods,Medium Performing,1,0.02962844361,0.002743444729,0.026336391
Home&Kitchen|Kitchen&HomeAppliances|WaterPurifiers&Accessories|WaterPurifierAccessories,Low Performing,9,0.00241215311,1.92E-04,0.002246150682
Computers&Accessories|NetworkingDevices|NetworkAdapters|WirelessUSBAdapters,Low Performing,4,0.003466088485,1.52E-04,0.002908535447
Home&Kitchen|Kitchen&HomeAppliances|SmallKitchenAppliances|MiniFoodProcessors&Choppers,Medium Performing,2,0.01636286188,0.00491554251,0.0163628615
Home&Kitchen|Kitchen&HomeAppliances|SmallKitchenAppliances|Mills&Grinders|WetGrinders,Low Performing,1,0.003273253599,0.002086182021,0.002848942802
"Electronics|HomeTheater,TV&Video|Accessories|Cables|OpticalCables",Low Performing,1,0.00759043099,0.00142001506,0.007028176482
Computers&Accessories|Accessories&Peripherals|USBHubs,Low Performing,3,0.005215697533,6.19E-04,0.005030157054
Electronics|Mobiles&Accessories|Smartphones&BasicMobiles|BasicMobiles,Low Performing,2,0.003907288794,0.001428722347,0.003388223112
HomeImprovement|Electrical|CordManagement,Medium Performing,1,0.01433585432,6.13E-04,0.01460133236
Home&Kitchen|Kitchen&HomeAppliances|SmallKitchenAppliances|Pop-upToasters,Medium Performing,2,0.02019869044,0.00617617441,0.02017723671
"Home&Kitchen|Kitchen&HomeAppliances|Vacuum,Cleaning&Ironing|Irons,Steamers&Accessories|LintShavers",Low Performing,21,0.001891450943,2.31E-04,0.001797382517
"Home&Kitchen|Heating,Cooling&AirQuality|WaterHeaters&Geysers|ImmersionRods",Medium Performing,6,0.03214755897,0.003518910349,0.03048038621
"Computers&Accessories|Printers,Inks&Accessories|Printers",Medium Performing,2,0.02886572772,0.02174979813,0.02469138863
"Computers&Accessories|Printers,Inks&Accessories|Inks,Toners&Cartridges|InkjetInkRefills&Kits",Low Performing,1,0.003128843787,2.95E-04,0.003070902275
Electronics|Mobiles&Accessories|Smartphones&BasicMobiles|BasicMobiles,High Performing,4,0.2731937702,0.06155136815,0.2529571816
Home&Kitchen|Kitchen&HomeAppliances|SmallKitchenAppliances|DigitalKitchenScales|DigitalScales,Medium Performing,1,0.0221903003,0.003045850619,0.02177936868
Home&Kitchen|Kitchen&HomeAppliances|SmallKitchenAppliances|JuicerMixerGrinders,Medium Performing,5,0.02364005154,0.01466578567,0.02223235388
Home&Kitchen|Kitchen&HomeAppliances|WaterPurifiers&Accessories|WaterFilters&Purifiers,Low Performing,6,0.002241661062,7.32E-04,0.002140879891
Electronics|GeneralPurposeBatteries&BatteryChargers,Low Performing,2,9.73E-04,1.94E-05,9.63E-04
Electronics|WearableTechnology|SmartWatches,Low Performing,16,0.00205079034,5.78E-04,0.001696580283
"Electronics|HomeTheater,TV&Video|Accessories|Cables|HDMICables",Medium Performing,9,0.03566646776,0.002262418951,0.03426288344
Health&PersonalCare|HomeMedicalSupplies&Equipment|HealthMonitors|WeighingScales|DigitalBathroomScales,Low Performing,1,0.007799087999,0.001204487083,0.007221377406
"OfficeProducts|OfficePaperProducts|Paper|Stationery|Pens,Pencils&WritingSupplies|Pens&Refills|GelInkRollerballPens",Medium Performing,1,0.01325696025,1.14E-04,0.01301146026
Computers&Accessories|Accessories&Peripherals|LaptopAccessories|NotebookComputerStands,Low Performing,1,0.002018756509,1.04E-04,0.001943987503
Electronics|Mobiles&Accessories|MobileAccessories|Photo&VideoAccessories|SelfieSticks,Low Performing,4,0.003900342432,3.39E-04,0.003644755137
Electronics|Mobiles&Accessories|MobileAccessories|Cases&Covers|BasicCases,Low Performing,4,0.0058644462,5.08E-04,0.005588289767
"Electronics|Headphones,Earbuds&Accessories|Headphones|Over-Ear",High Performing,1,0.120450021,0.0372251691,0.1137583405
Electronics|Cameras&Photography|SecurityCameras|DomeCameras,Low Performing,2,0.005836168478,0.00233609108,0.005406306472
"Computers&Accessories|Printers,Inks&Accessories|Inks,Toners&Cartridges|TonerCartridges",Low Performing,1,0.005532338323,5.68E-04,0.005224985729
Computers&Accessories|Accessories&Peripherals|Cables&Accessories|Cables|SATACables,Low Performing,1,0.001696030173,1.02E-04,0.001538990263
Electronics|HomeAudio|Speakers|OutdoorSpeakers,Medium Performing,3,0.05387719055,0.0104440544,0.05088401153
"Computers&Accessories|Printers,Inks&Accessories|Printers|InkjetPrinters",Low Performing,1,0.007386883948,0.01059483903,0.006566118728
Home&Kitchen|Kitchen&HomeAppliances|SmallKitchenAppliances|EggBoilers,Medium Performing,1,0.03331273023,0.001997258552,0.030845119
Computers&Accessories|Accessories&Peripherals|Audio&VideoAccessories|PCSpeakers,Medium Performing,2,0.01349550419,0.001773552005,0.01260081293
"Home&Kitchen|Heating,Cooling&AirQuality|WaterHeaters&Geysers|InstantWaterHeaters",Medium Performing,6,0.02641886952,0.01322079888,0.02507198279
Home&Kitchen|Kitchen&HomeAppliances|SmallKitchenAppliances|SandwichMakers,Medium Performing,4,0.03656101818,0.007959702048,0.03490246005
Computers&Accessories|NetworkingDevices|Repeaters&Extenders,High Performing,2,0.2304791654,0.06216008917,0.2219428788
"Home&Kitchen|Kitchen&HomeAppliances|Vacuum,Cleaning&Ironing|Vacuums&FloorCare|Vacuums|HandheldVacuums",Medium Performing,1,0.0305916725,0.008750162001,0.02832562123
Computers&Accessories|ExternalDevices&DataStorage|ExternalMemoryCardReaders,Medium Performing,1,0.01775681899,0.001674696658,0.01742798904
Home&Kitchen|Kitchen&HomeAppliances|SewingMachines&Accessories|Sewing&EmbroideryMachines,Medium Performing,1,0.03032941406,0.05105572079,0.02976775573
Computers&Accessories|ExternalDevices&DataStorage|ExternalSolidStateDrives,High Performing,1,0.09695695044,0.1730419288,0.09695694744
Computers&Accessories|NetworkingDevices|NetworkAdapters|WirelessUSBAdapters,Medium Performing,11,0.03743285449,0.007128553505,0.03672774931
Home&Kitchen|Kitchen&HomeAppliances|SmallKitchenAppliances|VacuumSealers,Low Performing,6,0.002363501943,3.24E-04,0.002282226579
Home&Kitchen|CraftMaterials|DrawingMaterials|DrawingMedia|Pencils|WoodenPencils,Medium Performing,1,0.01152659642,1.96E-04,0.01131314085
Home&Kitchen|HomeStorage&Organization|LaundryOrganization|LaundryBaskets,Low Performing,8,0.002731270984,1.15E-04,0.002538763523
Computers&Accessories|Accessories&Peripherals|LaptopAccessories|CameraPrivacyCovers,Low Performing,1,5.84E-04,6.92E-06,5.73E-04
Computers&Accessories|Monitors,Low Performing,2,0.005253073273,0.007643981065,0.005114104072
"Home&Kitchen|Heating,Cooling&AirQuality|RoomHeaters|ElectricHeaters",Low Performing,19,0.001489633969,4.73E-04,0.001363115106
"Home&Kitchen|Heating,Cooling&AirQuality|WaterHeaters&Geysers|StorageWaterHeaters",Medium Performing,6,0.01994332496,0.02284008553,0.01905528937
"Computers&Accessories|Accessories&Peripherals|Keyboards,Mice&InputDevices|Keyboards",Medium Performing,4,0.05556915404,0.01275796398,0.05304848141
"Home&Kitchen|Kitchen&HomeAppliances|Vacuum,Cleaning&Ironing|Vacuums&FloorCare|Vacuums|Wet-DryVacuums",Medium Performing,2,0.02005989547,0.01798470891,0.01885014055
"Home&Kitchen|Heating,Cooling&AirQuality|RoomHeaters|FanHeaters",Medium Performing,2,0.03514806025,0.007941099597,0.03282982478
"Home&Kitchen|Heating,Cooling&AirQuality|AirConditioners|Split-SystemAirConditioners",Low Performing,1,0.007395241407,0.05461581797,0.007258292583
Computers&Accessories|Accessories&Peripherals|PCGamingPeripherals|GamingKeyboards,Medium Performing,1,0.01081018962,0.002133791462,0.01061000136
Electronics|HomeAudio|Speakers|OutdoorSpeakers,Low Performing,1,8.23E-04,1.13E-04,7.17E-04
"OfficeProducts|OfficePaperProducts|Paper|Stationery|Notebooks,WritingPads&Diaries|CompositionNotebooks",Low Performing,5,0.00484691079,2.61E-04,0.004857629726
"Electronics|Mobiles&Accessories|MobileAccessories|Maintenance,Upkeep&Repairs|ScreenProtectors",Low Performing,2,0.001530914399,5.77E-05,0.001529001085
Home&Kitchen|Kitchen&HomeAppliances|SmallKitchenAppliances|HandBlenders,Low Performing,12,0.001303822418,2.10E-04,0.001246025643
"Electronics|HomeTheater,TV&Video|Accessories|Cables|RCACables",Low Performing,1,0.009604184041,7.24E-04,0.009248472062
Home&Kitchen|Kitchen&HomeAppliances|WaterPurifiers&Accessories|WaterCartridges,Medium Performing,2,0.02330693361,0.003822377606,0.02228638065
Computers&Accessories|Laptops|TraditionalLaptops,Low Performing,1,6.88E-04,0.004400472971,6.37E-04
"Electronics|HomeTheater,TV&Video|Projectors",Low Performing,2,3.71E-05,5.22E-05,3.52E-05
"Computers&Accessories|Accessories&Peripherals|TabletAccessories|Bags,Cases&Sleeves|Cases",Medium Performing,2,0.01895388105,0.001787595022,0.01860288329
Electronics|HomeAudio|Accessories|SpeakerAccessories|Mounts,Low Performing,1,0.007015559638,4.21E-04,0.006495888221
"Computers&Accessories|Accessories&Peripherals|Keyboards,Mice&InputDevices|Keyboard&MouseSets",Low Performing,1,8.86E-04,2.15E-04,8.04E-04
"Home&Kitchen|Heating,Cooling&AirQuality|Humidifiers",Low Performing,3,0.003083297643,0.001173463774,0.002851995241
Home&Kitchen|Kitchen&HomeAppliances|SmallKitchenAppliances|DeepFatFryers|AirFryers,Medium Performing,1,0.01012795625,0.008690723993,0.01087817509
Electronics|HomeAudio|Speakers|TowerSpeakers,Low Performing,1,5.70E-04,2.25E-04,5.07E-04
Electronics|Mobiles&Accessories|MobileAccessories|AutomobileAccessories|Cradles,Low Performing,1,0.007720309332,6.49E-04,0.0071484342
Computers&Accessories|Accessories&Peripherals|LaptopAccessories|Bags&Sleeves|LaptopSleeves&Slipcases,Medium Performing,4,0.03063070174,0.001923687548,0.02993464166
Home&Kitchen|Kitchen&HomeAppliances|SmallKitchenAppliances|Rice&PastaCookers,Low Performing,4,0.004712414499,0.002108482921,0.00447323856
"Electronics|HomeTheater,TV&Video|Accessories|Cables|OpticalCables",Medium Performing,2,0.06711973804,0.005200264622,0.06463381673
Computers&Accessories|Components|Memory,Medium Performing,1,0.06274241739,0.0193151412,0.06390431074
Home&Kitchen|CraftMaterials|DrawingMaterials|DrawingMedia|Pens,Medium Performing,1,0.02510228984,3.88E-04,0.02510228954
Electronics|HomeAudio|Speakers|MultimediaSpeakerSystems,Medium Performing,1,0.01399588179,0.001199774073,0.01269996665
Computers&Accessories|Accessories&Peripherals|LaptopAccessories|Lapdesks,Low Performing,9,0.002574092998,2.80E-04,0.002444561197
"Computers&Accessories|Accessories&Peripherals|Keyboards,Mice&InputDevices|Keyboard&MiceAccessories|MousePads",Medium Performing,4,0.01565962895,0.001219986091,0.01568161153
Home&Kitchen|Kitchen&HomeAppliances|WaterPurifiers&Accessories|WaterFilters&Purifiers,Medium Performing,6,0.02545991686,0.04175326935,0.02356803894
"Home&Kitchen|Heating,Cooling&AirQuality|WaterHeaters&Geysers|InstantWaterHeaters",High Performing,1,0.1374657925,0.03398240296,0.1476484441
"Electronics|HomeTheater,TV&Video|Televisions|SmartTelevisions",Medium Performing,34,0.03612204937,0.1422387399,0.035070562
Computers&Accessories|Accessories&Peripherals|Audio&VideoAccessories|PCMicrophones,Low Performing,1,0.004925369988,1.68E-04,0.003922053679
"OfficeProducts|OfficePaperProducts|Paper|Stationery|Notebooks,WritingPads&Diaries",Low Performing,1,0.008079604459,0.001941808693,0.007929981225
Computers&Accessories|Accessories&Peripherals|PCGamingPeripherals|GamingMice,Medium Performing,5,0.02986078745,0.004806026567,0.02987422896
"OfficeProducts|OfficePaperProducts|Paper|Stationery|Pens,Pencils&WritingSupplies|Pens&Refills|BottledInk",Low Performing,2,0.007045048942,1.15E-04,0.006914584688
Electronics|Cameras&Photography|Flashes|Macro&RinglightFlashes,Medium Performing,1,0.02621008823,0.003597608504,0.02329785304
Computers&Accessories|Accessories&Peripherals|Cables&Accessories|Cables|USBCables,High Performing,17,0.2139534196,0.01166966711,0.2090506785
Computers&Accessories|Accessories&Peripherals|Adapters|USBtoUSBAdapters,Low Performing,2,0.006704650049,2.98E-04,0.006489409583
Home&Kitchen|Kitchen&HomeAppliances|SmallKitchenAppliances|WaffleMakers&Irons,Low Performing,3,0.001451301812,2.67E-04,0.001329471513
"Computers&Accessories|Printers,Inks&Accessories|Inks,Toners&Cartridges|InkjetInkCartridges",Medium Performing,2,0.01775117567,0.001479454486,0.01718348045
Electronics|Mobiles&Accessories|MobileAccessories|Chargers|PowerBanks,Medium Performing,8,0.04020097981,0.009977743758,0.03766568137
"Electronics|HomeTheater,TV&Video|Televisions|SmartTelevisions",High Performing,4,0.1011340016,0.3822078765,0.09738829068
"Home&Kitchen|Kitchen&HomeAppliances|Vacuum,Cleaning&Ironing|Irons,Steamers&Accessories|Irons|DryIrons",Medium Performing,12,0.03373736339,0.004176490056,0.03222611822
"Home&Kitchen|Heating,Cooling&AirQuality|RoomHeaters|HalogenHeaters",Low Performing,2,0.001091696691,3.07E-04,9.38E-04
"Computers&Accessories|Accessories&Peripherals|Keyboards,Mice&InputDevices|Keyboard&MouseSets",Medium Performing,9,0.03909718276,0.007998399083,0.0369537835
Electronics|Mobiles&Accessories|MobileAccessories|Stands,Low Performing,6,0.005162531088,1.54E-04,0.004872533998
"Electronics|HomeTheater,TV&Video|Accessories|RemoteControls",Low Performing,49,0.001471542462,8.14E-05,0.001349413788
"Home&Kitchen|Kitchen&HomeAppliances|Coffee,Tea&Espresso|CoffeeMakerAccessories|MeasuringSpoons",Low Performing,2,0.007107432863,2.41E-04,0.006811164677
Computers&Accessories|Accessories&Peripherals|TabletAccessories|ScreenProtectors,Medium Performing,2,0.02622930383,0.004663437153,0.02625188038
Home&Kitchen|Kitchen&HomeAppliances|SewingMachines&Accessories|Sewing&EmbroideryMachines,Low Performing,3,0.003465250003,7.26E-04,0.002813871938
Home&Kitchen|Kitchen&HomeAppliances|SmallKitchenAppliances|Mills&Grinders|WetGrinders,Medium Performing,1,0.02664864055,0.01674468711,0.02418117358
"Electronics|Headphones,Earbuds&Accessories|Headphones|In-Ear",Low Performing,12,0.004641105937,0.001354407234,0.004112310561
Electronics|Cameras&Photography|SecurityCameras|DomeCameras,Medium Performing,1,0.01212094953,0.004787119222,0.01144756285
"Electronics|HomeTheater,TV&Video|Accessories|Cables|SpeakerCables",Medium Performing,1,0.02831795091,0.001941034911,0.02831795234
"Electronics|Headphones,Earbuds&Accessories|Headphones|On-Ear",Medium Performing,2,0.05044070277,0.009244047546,0.04670435202
Toys&Games|Arts&Crafts|Drawing&PaintingSupplies|ColouringPens&Markers,Medium Performing,1,0.03631701856,9.36E-04,0.03564448033
"Home&Kitchen|Heating,Cooling&AirQuality|RoomHeaters",Low Performing,2,0.005062647058,0.004366567479,0.004616878871
Electronics|Cameras&Photography|Accessories|Batteries&Chargers|BatteryChargers,Medium Performing,1,0.08271813227,0.004248841712,0.07352722492
Home&Kitchen|Kitchen&HomeAppliances|SmallKitchenAppliances|DigitalKitchenScales,Low Performing,8,0.004082757562,2.89E-04,0.00378757116
"Home&Kitchen|Kitchen&HomeAppliances|Vacuum,Cleaning&Ironing|Vacuums&FloorCare|Vacuums|HandheldVacuums",Low Performing,6,0.001486725546,0.001099394137,0.001372938133
"Computers&Accessories|Accessories&Peripherals|Keyboards,Mice&InputDevices|Mice",Low Performing,9,0.006236685826,4.60E-04,0.005874837596
"Electronics|HomeTheater,TV&Video|Accessories|3DGlasses",Low Performing,1,0.001156928594,5.36E-04,9.64E-04
"Home&Kitchen|Heating,Cooling&AirQuality|RoomHeaters|FanHeaters",Low Performing,18,3.58E-04,3.45E-04,3.28E-04
Electronics|Accessories|MemoryCards|SecureDigitalCards,High Performing,1,0.1629728343,0.01257072137,0.162972826
Computers&Accessories|NetworkingDevices,Medium Performing,1,0.02556878623,0.005266570653,0.02414829689
Computers&Accessories|Accessories&Peripherals|Cables&Accessories|Cables|EthernetCables,Medium Performing,2,0.01926117161,8.67E-04,0.01926117157
Home&Kitchen|Kitchen&HomeAppliances|SmallKitchenAppliances|Kettles&HotWaterDispensers|Kettle&ToasterSets,Medium Performing,3,0.04041455605,0.006256964361,0.03854892621
"Home&Kitchen|Heating,Cooling&AirQuality|WaterHeaters&Geysers|StorageWaterHeaters",Low Performing,6,0.004938597388,0.005258207249,0.004691699691
Home&Kitchen|Kitchen&HomeAppliances|SmallKitchenAppliances|MixerGrinders,Medium Performing,17,0.03735432929,0.01880788154,0.03463557502
Electronics|GeneralPurposeBatteries&BatteryChargers|RechargeableBatteries,Medium Performing,3,0.03933704612,0.002571414962,0.03789246739
Electronics|Accessories|MemoryCards|MicroSD,Medium Performing,3,0.06197751912,0.006512811478,0.05883737007
Computers&Accessories|Accessories&Peripherals|Cables&Accessories|Cables|USBCables,Medium Performing,104,0.03860664505,0.002270862273,0.03690744919
Electronics|Mobiles&Accessories|MobileAccessories|Chargers|AutomobileChargers,Medium Performing,4,0.03985243864,0.003217703126,0.03821828851
Computers&Accessories|Accessories&Peripherals|PCGamingPeripherals|Headsets,Medium Performing,2,0.0303444512,0.007378004921,0.02900188607
Home&Kitchen|Kitchen&HomeAppliances|SmallKitchenAppliances|Juicers|ColdPressJuicers,Low Performing,1,0.005358652655,0.01160739857,0.005358652676
"OfficeProducts|OfficePaperProducts|Paper|Stationery|Notebooks,WritingPads&Diaries|Notepads&MemoBooks",Medium Performing,2,0.01889570247,4.81E-04,0.01832925164
Home&Kitchen|Kitchen&HomeAppliances|SmallKitchenAppliances|RotiMakers,Low Performing,1,9.09E-04,3.12E-04,9.09E-04
Electronics|Mobiles&Accessories|Smartphones&BasicMobiles|Smartphones,High Performing,10,0.3436062036,0.4955457741,0.3247591627
"Home&Kitchen|Kitchen&HomeAppliances|Coffee,Tea&Espresso|CoffeeGrinders|ElectricGrinders",Low Performing,1,8.40E-04,3.52E-05,6.69E-04
"Electronics|HomeTheater,TV&Video|Accessories|Cables|HDMICables",Low Performing,10,0.002286327227,2.67E-04,0.002307756869
Computers&Accessories|Accessories&Peripherals|LaptopAccessories|CoolingPads,Medium Performing,2,0.03876554335,0.006096844483,0.03703008188
Home&Kitchen|Kitchen&HomeAppliances|SmallKitchenAppliances|VacuumSealers,Medium Performing,1,0.04386491705,6.71E-04,0.04224028695
Electronics|Mobiles&Accessories|Smartphones&BasicMobiles|BasicMobiles,Medium Performing,3,0.023183178,0.007606758028,0.02128309531
OfficeProducts|OfficeElectronics|Calculators|Basic,Medium Performing,1,0.02062350973,0.001558884313,0.0210054255
Computers&Accessories|Accessories&Peripherals|USBHubs,Medium Performing,2,0.01692761949,7.39E-04,0.01426149883
Computers&Accessories|Tablets,Low Performing,1,0.007066446399,0.03277535148,0.00732816626
Home&Kitchen|Kitchen&HomeAppliances|SmallKitchenAppliances|DeepFatFryers|AirFryers,Low Performing,4,0.00488284028,0.006337143005,0.004915421975
Electronics|HomeAudio|Speakers|BluetoothSpeakers,Low Performing,2,0.005097112804,0.001002303277,0.004805744997
"OfficeProducts|OfficePaperProducts|Paper|Stationery|Pens,Pencils&WritingSupplies|Pens&Refills|RetractableBallpointPens",Low Performing,1,0.005607657116,1.71E-04,0.005503811726
Electronics|Mobiles&Accessories|MobileAccessories|Stands,High Performing,1,0.09759841638,0.001659879585,0.09579103901
Electronics|Mobiles&Accessories|MobileAccessories|Cables&Adapters|OTGAdapters,Medium Performing,2,0.02179020687,5.20E-04,0.02128378219
Electronics|Cameras&Photography|Accessories|Cleaners|CleaningKits,Medium Performing,1,0.05462044332,0.002805595454,0.05259746321
OfficeProducts|OfficeElectronics|Calculators|Scientific,Medium Performing,2,0.02116048215,0.002813629363,0.02128823123
Home&Kitchen|CraftMaterials|PaintingMaterials|Paints,Medium Performing,3,0.01825929824,7.07E-04,0.01834626777
"Electronics|HomeTheater,TV&Video|SatelliteEquipment|SatelliteReceivers",Low Performing,2,0.004033227937,6.58E-04,0.003890228287
Computers&Accessories|NetworkingDevices|NetworkAdapters|WirelessUSBAdapters,High Performing,3,0.4017198873,0.04363833584,0.3868413282
Computers&Accessories|Accessories&Peripherals|UninterruptedPowerSupplies,Medium Performing,1,0.0327643152,0.01856872313,0.0297305823
Electronics|Mobiles&Accessories|MobileAccessories|Mounts|Bedstand&DeskMounts,Low Performing,2,0.004794134311,2.75E-04,0.004291894955
Electronics|GeneralPurposeBatteries&BatteryChargers,Medium Performing,2,0.06154019639,0.009046539031,0.06154019185
Computers&Accessories|Accessories&Peripherals|HardDiskBags,Medium Performing,2,0.04141229497,0.001848000943,0.04217918715
Home&Kitchen|Kitchen&HomeAppliances|SmallKitchenAppliances|DigitalKitchenScales,Medium Performing,2,0.06418423067,0.00565131674,0.05953621822
Electronics|HomeAudio|Accessories|Adapters,Medium Performing,1,0.04419951879,0.001586947121,0.04419951682
"Home&Kitchen|Kitchen&HomeAppliances|Vacuum,Cleaning&Ironing|Vacuums&FloorCare|Vacuums|HandheldVacuums",High Performing,1,,,
Electronics|Cameras&Photography|SecurityCameras|DomeCameras,High Performing,2,0.1552320825,0.0842162346,0.1504299775
Electronics|Mobiles&Accessories|MobileAccessories|Décor|PhoneCharms,Low Performing,1,7.14E-04,1.21E-05,7.14E-04
"OfficeProducts|OfficePaperProducts|Paper|Stationery|Pens,Pencils&WritingSupplies|Pens&Refills|RetractableBallpointPens",Medium Performing,1,0.01308987443,0.001079382497,0.01284746915
"Home&Kitchen|Kitchen&HomeAppliances|Vacuum,Cleaning&Ironing|Irons,Steamers&Accessories|Irons|SteamIrons",Low Performing,10,0.004272364034,0.002544438586,0.003924271458
"Home&Kitchen|Heating,Cooling&AirQuality|WaterHeaters&Geysers|ImmersionRods",Low Performing,3,0.004823223848,4.55E-04,0.004435590426
"Home&Kitchen|Heating,Cooling&AirQuality|RoomHeaters|HeatConvectors",Low Performing,2,0.002024079418,7.66E-04,0.001782574193
OfficeProducts|OfficeElectronics|Calculators|Financial&Business,Medium Performing,1,0.01036599504,9.53E-04,0.0103659951
"Computers&Accessories|Printers,Inks&Accessories|Printers|InkjetPrinters",Medium Performing,1,0.02205217149,0.01325164506,0.01796843609
"Computers&Accessories|Accessories&Peripherals|Keyboards,Mice&InputDevices|Keyboards",Low Performing,1,0.006201584388,3.19E-04,0.005512519173
"Home&Kitchen|Kitchen&HomeAppliances|Vacuum,Cleaning&Ironing|PressureWashers,Steam&WindowCleaners",Low Performing,3,0.001118657056,9.51E-04,0.001087593097
Electronics|Mobiles&Accessories|Smartphones&BasicMobiles|Smartphones,Medium Performing,48,0.04127006466,0.1249683374,0.03902438659
Computers&Accessories|Accessories&Peripherals|TabletAccessories|ScreenProtectors,Low Performing,3,0.004069663159,2.67E-04,0.003891745086
"Home&Kitchen|Kitchen&HomeAppliances|Coffee,Tea&Espresso|StovetopEspressoPots",Low Performing,1,0.001319010378,1.36E-04,0.001270158077
OfficeProducts|OfficePaperProducts|Paper|Copy&PrintingPaper|ColouredPaper,Low Performing,1,8.88E-04,1.51E-05,8.72E-04
"OfficeProducts|OfficePaperProducts|Paper|Stationery|Pens,Pencils&WritingSupplies|Pens&Refills|FountainPens",Low Performing,1,0.01047106822,4.05E-04,0.009889341213
"Home&Kitchen|Heating,Cooling&AirQuality|Fans|CeilingFans",Medium Performing,8,0.02896841958,0.01114821153,0.02762104309
Electronics|WearableTechnology|SmartWatches,Medium Performing,52,0.04490906169,0.01774985774,0.04248333143
"Computers&Accessories|Accessories&Peripherals|Keyboards,Mice&InputDevices|Keyboard&MiceAccessories|DustCovers",Medium Performing,1,0.02837921623,1.90E-04,0.02364934565
Home&Kitchen|Kitchen&HomeAppliances|SmallKitchenAppliances|SmallApplianceParts&Accessories|StandMixerAccessories,Medium Performing,1,0.01045999715,0.001141048032,0.01026629347
Computers&Accessories|Accessories&Peripherals|LaptopAccessories|LaptopChargers&PowerSupplies,Medium Performing,3,0.01590211243,0.002431273096,0.01476333179
"Home&Kitchen|Kitchen&HomeAppliances|Vacuum,Cleaning&Ironing|Vacuums&FloorCare|Vacuums|RoboticVacuums",Medium Performing,1,0.01240827928,0.05947225587,0.0124082785
Home&Kitchen|Kitchen&HomeAppliances|WaterPurifiers&Accessories|WaterCartridges,Low Performing,1,0.005244848887,5.41E-04,0.004662087739
Home&Kitchen|HomeStorage&Organization|LaundryOrganization|LaundryBaskets,Medium Performing,5,0.01573663472,0.001393349733,0.01466788101
Electronics|Cameras&Photography|Accessories|Tripods&Monopods|TripodLegs,Medium Performing,2,0.02964579754,0.001967952362,0.02731539578
Electronics|Cameras&Photography|Accessories|Film,Medium Performing,1,0.01167707432,0.001101298484,0.01189331583
"OfficeProducts|OfficePaperProducts|Paper|Stationery|Notebooks,WritingPads&Diaries|CompositionNotebooks",Medium Performing,2,0.01535989714,3.25E-04,0.01546970299
"Home&Kitchen|Kitchen&HomeAppliances|Coffee,Tea&Espresso|MilkFrothers",Low Performing,3,0.003604514344,6.20E-04,0.003364824755
"Home&Kitchen|Heating,Cooling&AirQuality|RoomHeaters|ElectricHeaters",Medium Performing,1,0.02548596324,0.00524951124,0.02171026387
Home&Kitchen|Kitchen&HomeAppliances|SmallKitchenAppliances|DigitalKitchenScales|DigitalScales,Low Performing,1,1.60E-05,6.58E-07,1.57E-05
Electronics|Mobiles&Accessories|Smartphones&BasicMobiles|Smartphones,Low Performing,10,0.002833056561,0.00946925621,0.002644533682
"Home&Kitchen|Kitchen&HomeAppliances|Vacuum,Cleaning&Ironing|Vacuums&FloorCare|Vacuums|CanisterVacuums",Low Performing,1,0.002662612315,0.002744008377,0.00256399687
"OfficeProducts|OfficePaperProducts|Paper|Stationery|Pens,Pencils&WritingSupplies|Pens&Refills|LiquidInkRollerballPens",Low Performing,1,0.004305786261,3.11E-04,0.004146312243
Electronics|Mobiles&Accessories|MobileAccessories|StylusPens,Low Performing,2,0.003655223675,0.00163199509,0.003722912811
Electronics|Mobiles&Accessories|MobileAccessories|Mounts|Shower&WallMounts,Medium Performing,1,0.02038344771,3.12E-04,0.01925103197
"Home&Kitchen|Heating,Cooling&AirQuality|Fans|ExhaustFans",Medium Performing,3,0.02096933743,0.004989064897,0.01980647543
Electronics|Cameras&Photography|VideoCameras,Low Performing,1,0.006635133199,5.69E-04,0.005775023044
Computers&Accessories|ExternalDevices&DataStorage|PenDrives,High Performing,6,0.2657168461,0.02499093111,0.2603526666
"Computers&Accessories|Accessories&Peripherals|Keyboards,Mice&InputDevices|GraphicTablets",Low Performing,8,0.001966971585,1.20E-04,0.001816157344
Computers&Accessories|ExternalDevices&DataStorage|ExternalHardDisks,High Performing,3,0.1377021817,0.1233676513,0.1391967711
Computers&Accessories|Accessories&Peripherals|Cables&Accessories|CableConnectionProtectors,Low Performing,2,0.002972297801,5.06E-05,0.002752127453
Car&Motorbike|CarAccessories|InteriorAccessories|AirPurifiers&Ionizers,Low Performing,1,0.002261373564,9.09E-04,0.002010109731
Computers&Accessories|Accessories&Peripherals|PCGamingPeripherals|Gamepads,Medium Performing,3,0.05035269422,0.007434238986,0.05035833514
"Home&Kitchen|Kitchen&HomeAppliances|Vacuum,Cleaning&Ironing|Irons,Steamers&Accessories|Irons|DryIrons",Low Performing,11,0.005782363878,8.06E-04,0.005512172917
"OfficeProducts|OfficePaperProducts|Paper|Stationery|Pens,Pencils&WritingSupplies|Pens&Refills|GelInkRollerballPens",Low Performing,1,0.00587518521,2.52E-04,0.005657585073
"Computers&Accessories|Accessories&Peripherals|Keyboards,Mice&InputDevices|Keyboard&MiceAccessories|DustCovers",Low Performing,1,0.00999829029,1.98E-04,0.007961601119
Electronics|Mobiles&Accessories|MobileAccessories|Décor,Low Performing,3,0.004357205469,6.71E-05,0.00419582688
Home&Kitchen|Kitchen&HomeAppliances|SmallKitchenAppliances|Kettles&HotWaterDispensers|ElectricKettles,Medium Performing,7,0.03651076389,0.006785127205,0.03403299438
Computers&Accessories|Accessories&Peripherals|PCGamingPeripherals|GamingMice,Low Performing,1,0.005266620542,5.42E-04,0.005169090435
Electronics|WearableTechnology|SmartWatches,High Performing,8,0.150797129,0.0516127814,0.1415576162
Computers&Accessories|Accessories&Peripherals|Audio&VideoAccessories|PCMicrophones,Medium Performing,1,0.0310745112,0.005066046473,0.02819724119
Electronics|Cameras&Photography|Accessories|Tripods&Monopods|CompleteTripodUnits,Medium Performing,1,0.03545189306,0.009433861129,0.03545189253
Computers&Accessories|Accessories&Peripherals|LaptopAccessories,Medium Performing,1,0.02534661176,0.006091668685,0.02487722919
"Home&Kitchen|Kitchen&HomeAppliances|Vacuum,Cleaning&Ironing|Vacuums&FloorCare|Vacuums|RoboticVacuums",Low Performing,1,0.005534520705,0.01806381133,0.005227046868
Computers&Accessories|NetworkingDevices|Repeaters&Extenders,Medium Performing,1,0.03617665413,0.009937462018,0.03483677233
"Electronics|Headphones,Earbuds&Accessories|Headphones|In-Ear",High Performing,25,0.3310477139,0.03996411553,0.3091745189
Computers&Accessories|Accessories&Peripherals|TabletAccessories|Stands,Medium Performing,1,0.05588425274,0.001430455538,0.05277956494
Computers&Accessories|NetworkingDevices|Routers,Medium Performing,7,0.0392735842,0.01234511216,0.03838156853
Computers&Accessories|ExternalDevices&DataStorage|ExternalHardDisks,Medium Performing,2,0.04524067548,0.02418185864,0.04494515804