category,RatingRange,ProductCount,AvgNormalizedSalesVolume,AvgNormalizedRevenue,AvgNormalizedInventoryPerformance,AvgDiscountPercentage
"Electronics|Headphones,Earbuds&Accessories|Cases",High Ratings (4.1-5.0),1,0.03440583746,7.03E-04,0.03376869256,0.76
Computers&Accessories|NetworkingDevices|NetworkAdapters|PowerLANAdapters,High Ratings (4.1-5.0),1,0.0537025654,0.0110614703,0.05469705454,0.4
Computers&Accessories|Accessories&Peripherals|TabletAccessories|ScreenProtectors,Medium Ratings (2.1-4.0),1,0.001471244829,1.01E-04,0.00136226366,0.73
Home&Kitchen|Kitchen&HomeAppliances|SmallKitchenAppliances|DigitalKitchenScales,High Ratings (4.1-5.0),5,0.009882028308,0.001594507195,0.009634235342,0.48
OfficeProducts|OfficeElectronics|Calculators|Basic,High Ratings (4.1-5.0),1,0.02062350973,0.001558884313,0.0210054255,0
Electronics|Mobiles&Accessories|MobileAccessories|Cases&Covers|BasicCases,High Ratings (4.1-5.0),3,0.004455199619,5.62E-04,0.004336180977,0.6433333333
Computers&Accessories|Tablets,High Ratings (4.1-5.0),1,0.007066446399,0.03277535148,0.00732816626,0.29
"Home&Kitchen|Kitchen&HomeAppliances|Vacuum,Cleaning&Ironing|Vacuums&FloorCare|Vacuums|HandheldVacuums",Medium Ratings (2.1-4.0),6,0.005956811619,0.001802039796,0.005500267186,0.3883333333
"Electronics|HomeTheater,TV&Video|Televisions|SmartTelevisions",High Ratings (4.1-5.0),57,0.02957699565,0.1173310458,0.0286739657,0.3687719298
"Home&Kitchen|Kitchen&HomeAppliances|Vacuum,Cleaning&Ironing|Irons,Steamers&Accessories|LintShavers",High Ratings (4.1-5.0),14,0.003125718489,3.75E-04,0.002999861459,0.4614285714
Computers&Accessories|Accessories&Peripherals|Audio&VideoAccessories|Webcams&VoIPEquipment|Webcams,High Ratings (4.1-5.0),2,0.03532078992,0.01186910803,0.03422310951,0.445
Computers&Accessories|Accessories&Peripherals|LaptopAccessories,High Ratings (4.1-5.0),1,0.02534661176,0.006091668685,0.02487722919,0.44
"Computers&Accessories|Printers,Inks&Accessories|Inks,Toners&Cartridges|InkjetInkRefills&Kits",High Ratings (4.1-5.0),1,0.003128843787,2.95E-04,0.003070902275,0.73
Health&PersonalCare|HomeMedicalSupplies&Equipment|HealthMonitors|WeighingScales|DigitalBathroomScales,Medium Ratings (2.1-4.0),1,0.007799087999,0.001204487083,0.007221377406,0.53
Computers&Accessories|NetworkingDevices,High Ratings (4.1-5.0),1,0.02556878623,0.005266570653,0.02414829689,0.66
Computers&Accessories|Accessories&Peripherals|USBGadgets|Lamps,Medium Ratings (2.1-4.0),3,0.01494076448,1.14E-04,0.01295960225,0
Computers&Accessories|Accessories&Peripherals|LaptopAccessories|Lapdesks,High Ratings (4.1-5.0),6,0.01898192473,0.003578237926,0.01861196251,0.5416666667
Electronics|Cameras&Photography|Accessories|Tripods&Monopods|TripodLegs,Medium Ratings (2.1-4.0),1,0.04436665731,0.003041082835,0.04025863098,0.6
Electronics|Cameras&Photography|Flashes|Macro&RinglightFlashes,Medium Ratings (2.1-4.0),1,0.02621008823,0.003597608504,0.02329785304,0.6
Home&Kitchen|Kitchen&HomeAppliances|SmallKitchenAppliances|VacuumSealers,High Ratings (4.1-5.0),2,0.0253371341,4.29E-04,0.02465091772,0.23
OfficeProducts|OfficeElectronics|Calculators|Financial&Business,High Ratings (4.1-5.0),1,0.01036599504,9.53E-04,0.0103659951,0
"Electronics|HomeTheater,TV&Video|Accessories|Cables|HDMICables",Medium Ratings (2.1-4.0),3,0.01451422484,6.96E-04,0.01263949296,0.46
Electronics|Mobiles&Accessories|MobileAccessories|Stands,Medium Ratings (2.1-4.0),2,0.005499176763,2.62E-04,0.005084449011,0.685
Home&Kitchen|Kitchen&HomeAppliances|SmallKitchenAppliances|SandwichMakers,High Ratings (4.1-5.0),7,0.01906683947,0.004983599946,0.01837147958,0.3214285714
"Electronics|HomeTheater,TV&Video|Accessories|TVMounts,Stands&Turntables|TVWall&CeilingMounts",Medium Ratings (2.1-4.0),3,0.002154986807,1.21E-04,0.001910381188,0.65
Home&Kitchen|Kitchen&HomeAppliances|SmallKitchenAppliances|DeepFatFryers|AirFryers,High Ratings (4.1-5.0),5,0.005931863474,0.006807859203,0.006107972598,0.44
"Electronics|HomeTheater,TV&Video|Accessories|Cables|RCACables",High Ratings (4.1-5.0),2,0.08623347591,0.007202834694,0.08605561634,0.505
Electronics|Mobiles&Accessories|MobileAccessories|Photo&VideoAccessories|SelfieSticks,High Ratings (4.1-5.0),3,0.01099175315,0.001213521732,0.01041812982,0.5566666667
Electronics|GeneralPurposeBatteries&BatteryChargers,High Ratings (4.1-5.0),4,0.03125664961,0.004532965354,0.03125150803,0.235
Home&Kitchen|Kitchen&HomeAppliances|SmallKitchenAppliances|Juicers,Medium Ratings (2.1-4.0),1,0.005819879924,4.99E-04,0.004418797701,0.77
"Electronics|Headphones,Earbuds&Accessories|Earpads",Medium Ratings (2.1-4.0),1,0.001201481124,2.04E-05,0.001067983167,0.9
Computers&Accessories|Accessories&Peripherals|Audio&VideoAccessories|PCSpeakers,High Ratings (4.1-5.0),1,0.01133747439,0.00126403665,0.01070761366,0.5
Computers&Accessories|Accessories&Peripherals|Adapters|USBtoUSBAdapters,High Ratings (4.1-5.0),1,0.01013040424,5.12E-04,0.009942804641,0.94
Home&Kitchen|Kitchen&HomeAppliances|WaterPurifiers&Accessories|WaterPurifierAccessories,Medium Ratings (2.1-4.0),6,0.002390622031,2.17E-04,0.002189530156,0.5633333333
Home&Kitchen|CraftMaterials|Scrapbooking|Tape,Medium Ratings (2.1-4.0),1,0.03067801126,6.85E-04,0.02783745375,0.21
"Home&Kitchen|Kitchen&HomeAppliances|Vacuum,Cleaning&Ironing|Vacuums&FloorCare|Vacuums|CanisterVacuums",High Ratings (4.1-5.0),3,0.02382926841,0.02843613183,0.02346698888,0.29
Home&Kitchen|Kitchen&HomeAppliances|WaterPurifiers&Accessories|WaterCartridges,Medium Ratings (2.1-4.0),1,0.005244848887,5.41E-04,0.004662087739,0.06
"Home&Kitchen|Kitchen&HomeAppliances|Vacuum,Cleaning&Ironing|PressureWashers,Steam&WindowCleaners",High Ratings (4.1-5.0),3,0.001118657056,9.51E-04,0.001087593097,0.4433333333
Electronics|Mobiles&Accessories|MobileAccessories|Stands,High Ratings (4.1-5.0),8,0.03660126786,0.001230916736,0.03633000708,0.78375
Home&Kitchen|Kitchen&HomeAppliances|SmallKitchenAppliances|HandBlenders,Medium Ratings (2.1-4.0),7,0.003123893507,1.69E-04,0.002576189807,0.5842857143
Home&Kitchen|Kitchen&HomeAppliances|SmallKitchenAppliances|EggBoilers,Medium Ratings (2.1-4.0),1,0.03331273023,0.001997258552,0.030845119,0.65
"Computers&Accessories|Accessories&Peripherals|Keyboards,Mice&InputDevices|Mice",High Ratings (4.1-5.0),20,0.04478663085,0.004524496062,0.0447252427,0.4245
Computers&Accessories|Monitors,High Ratings (4.1-5.0),2,0.005253073273,0.007643981065,0.005114104072,0.505
Computers&Accessories|Accessories&Peripherals|LaptopAccessories|LaptopChargers&PowerSupplies,High Ratings (4.1-5.0),3,0.01296301221,0.001258680483,0.01251531175,0.5633333333
"Home&Kitchen|Kitchen&HomeAppliances|Coffee,Tea&Espresso|CoffeePresses",High Ratings (4.1-5.0),1,0.002550991621,4.82E-04,0.002598232074,0.27
Electronics|Accessories|MemoryCards|SecureDigitalCards,High Ratings (4.1-5.0),1,0.1629728343,0.01257072137,0.162972826,0.44
Electronics|Mobiles&Accessories|MobileAccessories|Décor|PhoneCharms,High Ratings (4.1-5.0),1,7.14E-04,1.21E-05,7.14E-04,0.9
Electronics|Cameras&Photography|Accessories|Batteries&Chargers|BatteryChargers,Medium Ratings (2.1-4.0),1,0.08271813227,0.004248841712,0.07352722492,0.25
Electronics|Cameras&Photography|Accessories|Film,High Ratings (4.1-5.0),1,0.01167707432,0.001101298484,0.01189331583,0
"Home&Kitchen|Kitchen&HomeAppliances|Vacuum,Cleaning&Ironing|Irons,Steamers&Accessories|LintShavers",Medium Ratings (2.1-4.0),8,8.21E-04,6.23E-05,7.20E-04,0.60375
Computers&Accessories|Accessories&Peripherals|USBHubs,Medium Ratings (2.1-4.0),2,0.01692761949,7.39E-04,0.01426149883,0.49
"Home&Kitchen|Heating,Cooling&AirQuality|Fans|TableFans",High Ratings (4.1-5.0),1,0.009537009259,0.001553170654,0.009007174457,0.41
"Home&Kitchen|Heating,Cooling&AirQuality|Fans|ExhaustFans",Medium Ratings (2.1-4.0),1,0.01709922897,0.004109536829,0.0158326186,0.26
Home&Kitchen|Kitchen&HomeAppliances|SmallKitchenAppliances|InductionCooktop,Medium Ratings (2.1-4.0),4,0.04034886281,0.01322257516,0.03616203801,0.4575
Home&Kitchen|Kitchen&HomeAppliances|SmallKitchenAppliances|SandwichMakers,Medium Ratings (2.1-4.0),4,0.009112788841,8.70E-04,0.00829553768,0.3275
"Home&Kitchen|Heating,Cooling&AirQuality|Fans|CeilingFans",Medium Ratings (2.1-4.0),4,0.01640209103,0.004489826492,0.01503500167,0.3825
"Electronics|HomeTheater,TV&Video|Accessories|RemoteControls",High Ratings (4.1-5.0),10,0.002590950444,1.32E-04,0.002543954526,0.621
Electronics|Cameras&Photography|Accessories|Tripods&Monopods|Tabletop&TravelTripods,High Ratings (4.1-5.0),2,0.04367396129,0.004969608075,0.04309880778,0.695
Computers&Accessories|Accessories&Peripherals|Adapters|USBtoUSBAdapters,Medium Ratings (2.1-4.0),1,0.003278895855,8.39E-05,0.003036014525,0.63
Computers&Accessories|Accessories&Peripherals|LaptopAccessories|Bags&Sleeves|LaptopSleeves&Slipcases,High Ratings (4.1-5.0),6,0.02188628329,0.001355703394,0.02136059822,0.6183333333
Computers&Accessories|Components|Memory,High Ratings (4.1-5.0),1,0.06274241739,0.0193151412,0.06390431074,0.49
"OfficeProducts|OfficePaperProducts|Paper|Stationery|Pens,Pencils&WritingSupplies|Pens&Refills|FountainPens",High Ratings (4.1-5.0),1,0.01047106822,4.05E-04,0.009889341213,0
MusicalInstruments|Microphones|Condenser,Medium Ratings (2.1-4.0),2,0.0935455148,0.01169997478,0.08585889984,0.46
Electronics|Accessories|MemoryCards|MicroSD,Medium Ratings (2.1-4.0),2,0.06946362161,0.004403342054,0.06431816486,0.77
"Computers&Accessories|Printers,Inks&Accessories|Inks,Toners&Cartridges|InkjetInkCartridges",High Ratings (4.1-5.0),3,0.01264124341,0.001098379504,0.01251519349,0.1533333333
Computers&Accessories|Accessories&Peripherals|Audio&VideoAccessories|PCSpeakers,Medium Ratings (2.1-4.0),1,0.01565353398,0.00228306736,0.0144940122,0.43
"Home&Kitchen|Heating,Cooling&AirQuality|AirConditioners|Split-SystemAirConditioners",High Ratings (4.1-5.0),1,0.007395241407,0.05461581797,0.007258292583,0.43
"Electronics|Headphones,Earbuds&Accessories|Headphones|On-Ear",High Ratings (4.1-5.0),5,0.1914954576,0.04106103973,0.1819660303,0.608
"Electronics|HomeTheater,TV&Video|Accessories|TVMounts,Stands&Turntables|TVWall&CeilingMounts",High Ratings (4.1-5.0),3,0.002957624214,6.29E-04,0.002833939705,0.3733333333
Toys&Games|Arts&Crafts|Drawing&PaintingSupplies|ColouringPens&Markers,High Ratings (4.1-5.0),1,0.03631701856,9.36E-04,0.03564448033,0
"Home&Kitchen|Kitchen&HomeAppliances|Vacuum,Cleaning&Ironing|Vacuums&FloorCare|Vacuums|Wet-DryVacuums",Medium Ratings (2.1-4.0),3,0.0108373718,0.007750509672,0.009822169721,0.5166666667
Home&Kitchen|Kitchen&HomeAppliances|SmallKitchenAppliances|Kettles&HotWaterDispensers|ElectricKettles,High Ratings (4.1-5.0),8,0.01234077119,0.003057924205,0.01224041586,0.38125
Computers&Accessories|Laptops|TraditionalLaptops,Medium Ratings (2.1-4.0),1,6.88E-04,0.004400472971,6.37E-04,0.38
OfficeProducts|OfficeElectronics|Calculators|Scientific,High Ratings (4.1-5.0),2,0.02116048215,0.002813629363,0.02128823123,0.025
"Home&Kitchen|Heating,Cooling&AirQuality|AirPurifiers|HEPAAirPurifiers",High Ratings (4.1-5.0),4,0.007990845121,0.01584179282,0.007800469133,0.41
Home&Kitchen|CraftMaterials|DrawingMaterials|DrawingMedia|Pens,High Ratings (4.1-5.0),1,0.02510228984,3.88E-04,0.02510228954,0.1
"OfficeProducts|OfficePaperProducts|Paper|Stationery|Pens,Pencils&WritingSupplies|Pens&Refills|StickBallpointPens",Medium Ratings (2.1-4.0),1,0.007848058521,3.67E-04,0.00726672048,0.15
"Home&Kitchen|Heating,Cooling&AirQuality|Parts&Accessories|FanParts&Accessories",High Ratings (4.1-5.0),1,0.007690713571,9.24E-04,0.00726345085,0.59
"OfficeProducts|OfficePaperProducts|Paper|Stationery|Notebooks,WritingPads&Diaries",High Ratings (4.1-5.0),1,0.008079604459,0.001941808693,0.007929981225,0.53
Home&Kitchen|Kitchen&HomeAppliances|SmallKitchenAppliances|WaffleMakers&Irons,High Ratings (4.1-5.0),1,8.72E-05,1.35E-05,8.40E-05,0.55
"Home&Kitchen|Heating,Cooling&AirQuality|Humidifiers",Medium Ratings (2.1-4.0),2,0.004432683935,0.001651530786,0.00408929075,0.375
"Home&Kitchen|Heating,Cooling&AirQuality|Humidifiers",High Ratings (4.1-5.0),1,3.85E-04,2.17E-04,3.77E-04,0.43
Computers&Accessories|Accessories&Peripherals|LaptopAccessories|LaptopChargers&PowerSupplies,Medium Ratings (2.1-4.0),2,0.009717161698,0.002210369009,0.008234059766,0.68
Computers&Accessories|NetworkingDevices|DataCards&Dongles,Medium Ratings (2.1-4.0),1,0.02268048459,0.008178306636,0.02016042872,0.35
Electronics|HomeAudio|Speakers|TowerSpeakers,Medium Ratings (2.1-4.0),1,5.70E-04,2.25E-04,5.07E-04,0.43
Electronics|Cameras&Photography|SecurityCameras|DomeCameras,Medium Ratings (2.1-4.0),1,0.003802667531,0.00130586952,0.003380148743,0.57
Electronics|GeneralPurposeBatteries&BatteryChargers|RechargeableBatteries,Medium Ratings (2.1-4.0),1,0.02900273979,0.001245597378,0.02631730157,0
Electronics|Cameras&Photography|Accessories|PhotoStudio&Lighting|PhotoBackgroundAccessories|BackgroundSupports,High Ratings (4.1-5.0),1,0.01415189549,0.00169937977,0.01388982165,0.46
Home&Kitchen|Kitchen&HomeAppliances|SmallKitchenAppliances|MiniFoodProcessors&Choppers,Medium Ratings (2.1-4.0),4,0.001962200918,3.95E-04,0.001801464549,0.54
Electronics|HomeAudio|Accessories|Adapters,High Ratings (4.1-5.0),1,0.04419951879,0.001586947121,0.04419951682,0.65
"Electronics|Headphones,Earbuds&Accessories|Headphones|Over-Ear",Medium Ratings (2.1-4.0),1,0.0270887365,0.003020174813,0.02458051989,0.74
Home&Kitchen|Kitchen&HomeAppliances|SmallKitchenAppliances|DigitalKitchenScales,Medium Ratings (2.1-4.0),5,0.02232407606,0.001128513802,0.0202403658,0.598
Electronics|Mobiles&Accessories|MobileAccessories|Chargers|AutomobileChargers,Medium Ratings (2.1-4.0),2,0.0304096299,0.001823203711,0.02815706328,0.73
Home&Kitchen|Kitchen&HomeAppliances|SmallKitchenAppliances|JuicerMixerGrinders,High Ratings (4.1-5.0),4,0.01170295684,0.01035955319,0.01169087823,0.335
"Home&Kitchen|Kitchen&HomeAppliances|Coffee,Tea&Espresso|DripCoffeeMachines",High Ratings (4.1-5.0),4,0.003821896312,2.41E-04,0.003609568409,0.425
"OfficeProducts|OfficePaperProducts|Paper|Stationery|Pens,Pencils&WritingSupplies|Pens&Refills|LiquidInkRollerballPens",High Ratings (4.1-5.0),2,0.00891718555,2.60E-04,0.0084616542,0.05
"Electronics|HomeTheater,TV&Video|Projectors",Medium Ratings (2.1-4.0),2,0.01090658702,0.01776608471,0.00989725013,0.38
Home&Kitchen|HomeStorage&Organization|LaundryOrganization|LaundryBaskets,High Ratings (4.1-5.0),5,0.008897901209,0.001105946925,0.008564019147,0.39
"Electronics|Headphones,Earbuds&Accessories|Headphones|In-Ear",High Ratings (4.1-5.0),21,0.3219443486,0.03484329828,0.3043377076,0.4714285714
"Home&Kitchen|Heating,Cooling&AirQuality|RoomHeaters|ElectricHeaters",High Ratings (4.1-5.0),7,0.001121964805,5.45E-04,0.001065259605,0.3042857143
"Electronics|HomeTheater,TV&Video|Televisions|StandardTelevisions",High Ratings (4.1-5.0),4,0.006144256953,0.007027473766,0.005895456466,0.51
"Electronics|Mobiles&Accessories|MobileAccessories|Maintenance,Upkeep&Repairs|ScreenProtectors",High Ratings (4.1-5.0),7,0.01910232091,0.002686360268,0.01959813704,0.6685714286
Electronics|HomeAudio|Speakers|BluetoothSpeakers,Medium Ratings (2.1-4.0),3,0.05325391734,0.005564106558,0.04818876328,0.4133333333
Home&Kitchen|Kitchen&HomeAppliances|SmallKitchenAppliances|MiniFoodProcessors&Choppers,High Ratings (4.1-5.0),4,0.009991716743,0.002862477751,0.009941824885,0.2975
Home&Kitchen|Kitchen&HomeAppliances|SmallKitchenAppliances|JuicerMixerGrinders,Medium Ratings (2.1-4.0),8,0.01136774177,0.005507836021,0.01028855172,0.495
Home&Kitchen|Kitchen&HomeAppliances|SmallKitchenAppliances|EggBoilers,High Ratings (4.1-5.0),10,0.003188540033,4.42E-04,0.003158391909,0.517
Electronics|Mobiles&Accessories|Smartphones&BasicMobiles|Smartphones,Medium Ratings (2.1-4.0),19,0.02785516726,0.07174161936,0.025594858,0.2294736842
"Computers&Accessories|Printers,Inks&Accessories|Inks,Toners&Cartridges|InkjetInkCartridges",Medium Ratings (2.1-4.0),1,0.01532777355,0.001887977724,0.01419238219,0.06
"Home&Kitchen|Heating,Cooling&AirQuality|WaterHeaters&Geysers|ImmersionRods",High Ratings (4.1-5.0),8,0.02511156416,0.002763475247,0.02380557921,0.315
Computers&Accessories|Accessories&Peripherals|HardDriveAccessories|Caddies,High Ratings (4.1-5.0),1,0.01600340654,5.47E-04,0.01511432714,0.75
Home&Kitchen|Kitchen&HomeAppliances|SmallKitchenAppliances|SmallApplianceParts&Accessories,High Ratings (4.1-5.0),1,0.005461277837,6.45E-04,0.005562412326,0.08
Computers&Accessories|Accessories&Peripherals|LaptopAccessories|CameraPrivacyCovers,High Ratings (4.1-5.0),3,0.01672455195,4.25E-04,0.01641483846,0.2566666667
Computers&Accessories|Accessories&Peripherals|LaptopAccessories|NotebookComputerStands,High Ratings (4.1-5.0),3,0.02328447298,0.001549028253,0.02290928878,0.7566666667
"Computers&Accessories|Accessories&Peripherals|Keyboards,Mice&InputDevices|Mice",Medium Ratings (2.1-4.0),4,0.01187823937,6.09E-04,0.01043131737,0.4
Home&Kitchen|HomeStorage&Organization|LaundryOrganization|LaundryBaskets,Medium Ratings (2.1-4.0),8,0.007005479429,2.95E-04,0.006353677185,0.485
Electronics|GeneralPurposeBatteries&BatteryChargers|DisposableBatteries,High Ratings (4.1-5.0),7,0.02846226917,0.002408152493,0.02874675671,0.1428571429
"Home&Kitchen|Heating,Cooling&AirQuality|WaterHeaters&Geysers|InstantWaterHeaters",High Ratings (4.1-5.0),11,0.02508101765,0.009141745108,0.02550988798,0.4445454545
"Computers&Accessories|Accessories&Peripherals|Keyboards,Mice&InputDevices|GraphicTablets",Medium Ratings (2.1-4.0),6,0.007165789163,2.44E-04,0.006242062161,0.62
"Electronics|HomeTheater,TV&Video|Projectors",High Ratings (4.1-5.0),1,1.68E-05,4.03E-05,1.71E-05,0.52
Home&Kitchen|Kitchen&HomeAppliances|SmallKitchenAppliances|Pop-upToasters,High Ratings (4.1-5.0),3,0.01662843754,0.004714548989,0.01649699978,0.13
Electronics|WearableTechnology|SmartWatches,Medium Ratings (2.1-4.0),31,0.04827409377,0.01391553034,0.04424456111,0.6835483871
Electronics|Mobiles&Accessories|MobileAccessories|Mounts|HandlebarMounts,High Ratings (4.1-5.0),1,0.002730585902,3.23E-04,0.002680019446,0.66
"Computers&Accessories|Accessories&Peripherals|Keyboards,Mice&InputDevices|Keyboard&MouseSets",High Ratings (4.1-5.0),6,0.04537035342,0.01038042628,0.04368950433,0.3
"Electronics|HomeTheater,TV&Video|Accessories|Cables|HDMICables",High Ratings (4.1-5.0),21,0.2096901909,0.01003017022,0.209366679,0.6176190476
Electronics|Mobiles&Accessories|MobileAccessories|Mounts|Shower&WallMounts,High Ratings (4.1-5.0),1,0.02038344771,3.12E-04,0.01925103197,0.82
Computers&Accessories|Accessories&Peripherals|USBHubs,High Ratings (4.1-5.0),3,0.005215697533,6.19E-04,0.005030157054,0.3966666667
"Home&Kitchen|Kitchen&HomeAppliances|Coffee,Tea&Espresso|CoffeeGrinders|ElectricGrinders",Medium Ratings (2.1-4.0),1,8.40E-04,3.52E-05,6.69E-04,0.51
"Home&Kitchen|Kitchen&HomeAppliances|Vacuum,Cleaning&Ironing|Irons,Steamers&Accessories|Irons|SteamIrons",High Ratings (4.1-5.0),6,0.01997379864,0.006303036434,0.01958659428,0.1983333333
"Electronics|HomeTheater,TV&Video|Accessories|3DGlasses",Medium Ratings (2.1-4.0),1,0.001156928594,5.36E-04,9.64E-04,0.23
"OfficeProducts|OfficePaperProducts|Paper|Stationery|Notebooks,WritingPads&Diaries|Notepads&MemoBooks",High Ratings (4.1-5.0),2,0.01889570247,4.81E-04,0.01832925164,0.62
Home&Kitchen|Kitchen&HomeAppliances|SmallKitchenAppliances|Mills&Grinders|WetGrinders,Medium Ratings (2.1-4.0),2,0.01496094707,0.009415434568,0.01351505819,0.215
"Electronics|Headphones,Earbuds&Accessories|Headphones|In-Ear",Medium Ratings (2.1-4.0),31,0.07230761075,0.01257983894,0.06423522019,0.6580645161
HomeImprovement|Electrical|Adapters&Multi-Outlets,Medium Ratings (2.1-4.0),1,0.005495344287,4.01E-04,0.005088281487,0.57
OfficeProducts|OfficePaperProducts|Paper|Copy&PrintingPaper|ColouredPaper,High Ratings (4.1-5.0),1,8.88E-04,1.51E-05,8.72E-04,0
Car&Motorbike|CarAccessories|InteriorAccessories|AirPurifiers&Ionizers,Medium Ratings (2.1-4.0),1,0.002261373564,9.09E-04,0.002010109731,0.42
"OfficeProducts|OfficePaperProducts|Paper|Stationery|Pens,Pencils&WritingSupplies|Pens&Refills|StickBallpointPens",High Ratings (4.1-5.0),2,0.007553889132,2.64E-04,0.007239896257,0.12
Electronics|Mobiles&Accessories|MobileAccessories|Chargers|WallChargers,High Ratings (4.1-5.0),9,0.01645207852,0.001713755506,0.0161378997,0.4411111111
Home&Kitchen|Kitchen&HomeAppliances|SmallKitchenAppliances|HandMixers,High Ratings (4.1-5.0),3,0.01686463178,0.00325709893,0.01642144508,0.42
Home&Kitchen|Kitchen&Dining|KitchenTools|ManualChoppers&Chippers|Choppers,High Ratings (4.1-5.0),1,0.5904717629,0.02018602715,0.5576677652,0.6
Electronics|Mobiles&Accessories|Smartphones&BasicMobiles|BasicMobiles,Medium Ratings (2.1-4.0),9,0.1300154658,0.03020924349,0.1202727176,0.1855555556
Electronics|Accessories|MemoryCards|MicroSD,High Ratings (4.1-5.0),11,0.2222623799,0.0347857486,0.2215495979,0.5554545455
Home&Kitchen|CraftMaterials|PaintingMaterials,High Ratings (4.1-5.0),1,0.02258046762,8.92E-04,0.02299862325,0
Electronics|Mobiles&Accessories|MobileAccessories|Mounts|Bedstand&DeskMounts,High Ratings (4.1-5.0),1,0.003219013423,2.76E-04,0.003040179188,0.74
Home&Kitchen|Kitchen&HomeAppliances|SmallKitchenAppliances|Juicers|ColdPressJuicers,High Ratings (4.1-5.0),1,0.005358652655,0.01160739857,0.005358652676,0.47
Computers&Accessories|NetworkingDevices|Routers,Medium Ratings (2.1-4.0),1,0.02366127899,0.006361377489,0.02190859053,0.48
"Electronics|HomeTheater,TV&Video|Accessories|Cables|OpticalCables",High Ratings (4.1-5.0),2,0.06711973804,0.005200264622,0.06463381673,0.535
Electronics|Mobiles&Accessories|MobileAccessories|StylusPens,Medium Ratings (2.1-4.0),3,0.03348976825,0.002007872769,0.02976868034,0.65
"Home&Kitchen|Heating,Cooling&AirQuality|RoomHeaters|FanHeaters",Low Ratings (1.0-2.0),1,2.13E-06,4.75E-07,1.18E-06,0.48
Home&Kitchen|Kitchen&HomeAppliances|SmallKitchenAppliances|HandBlenders,High Ratings (4.1-5.0),12,0.0139144235,0.00364618145,0.01349516092,0.3191666667
"Home&Kitchen|Kitchen&HomeAppliances|Coffee,Tea&Espresso|MilkFrothers",High Ratings (4.1-5.0),1,0.009604663101,0.001813336757,0.009071070241,0.27
Home&Kitchen|Kitchen&HomeAppliances|SmallKitchenAppliances,High Ratings (4.1-5.0),1,0.004955816878,0.002212687955,0.004955817019,0.39
Electronics|Mobiles&Accessories|MobileAccessories|Photo&VideoAccessories|Flashes&SelfieLights|SelfieLights,High Ratings (4.1-5.0),1,0.03136301039,0.009153975566,0.02962061548,0.51
Computers&Accessories|Components|InternalHardDrives,High Ratings (4.1-5.0),1,8.09E-04,2.77E-05,7.79E-04,0.8
"Electronics|Headphones,Earbuds&Accessories|Headphones|On-Ear",Medium Ratings (2.1-4.0),3,0.07409857511,0.0103273063,0.06711084479,0.3833333333
Computers&Accessories|Components|InternalSolidStateDrives,High Ratings (4.1-5.0),3,0.07847785297,0.02491809831,0.07981628629,0.48
Electronics|Mobiles&Accessories|MobileAccessories|Chargers|PowerBanks,Medium Ratings (2.1-4.0),5,0.04070600164,0.009042746439,0.03769074032,0.48
Electronics|Mobiles&Accessories|MobileAccessories|Chargers|AutomobileChargers,High Ratings (4.1-5.0),3,0.03417505659,0.003271499942,0.03349790076,0.48
"Home&Kitchen|Heating,Cooling&AirQuality|RoomHeaters",Medium Ratings (2.1-4.0),2,0.005062647058,0.004366567479,0.004616878871,0.515
Computers&Accessories|Accessories&Peripherals|PCGamingPeripherals|Gamepads,High Ratings (4.1-5.0),2,0.06942263009,0.01041809195,0.06988341852,0.52
Electronics|HomeAudio|Speakers|BluetoothSpeakers,High Ratings (4.1-5.0),3,0.08164033898,0.02668264737,0.07951942601,0.5566666667
Electronics|Cameras&Photography|SecurityCameras|DomeCameras,High Ratings (4.1-5.0),4,0.08261369598,0.04414647527,0.07993499553,0.39
Computers&Accessories|Accessories&Peripherals|PCGamingPeripherals|Gamepads,Medium Ratings (2.1-4.0),1,0.01221282248,0.00146653305,0.01130816839,0.53
Computers&Accessories|ExternalDevices&DataStorage|ExternalHardDisks,High Ratings (4.1-5.0),6,0.08395954504,0.06974686508,0.08460781116,0.27
Electronics|WearableTechnology|SmartWatches,High Ratings (4.1-5.0),45,0.04617697729,0.02030567998,0.04438129009,0.7082222222
Home&Kitchen|Kitchen&HomeAppliances|SmallKitchenAppliances|MixerGrinders,Medium Ratings (2.1-4.0),18,0.02326243827,0.01022752617,0.02101917431,0.47
Electronics|Cameras&Photography|VideoCameras,Medium Ratings (2.1-4.0),1,0.006635133199,5.69E-04,0.005775023044,0.75
"Home&Kitchen|Kitchen&HomeAppliances|Vacuum,Cleaning&Ironing|Vacuums&FloorCare|Vacuums|RoboticVacuums",High Ratings (4.1-5.0),2,0.008971399991,0.0387680336,0.008817662685,0.45
"Home&Kitchen|Heating,Cooling&AirQuality|RoomHeaters|HeatConvectors",Medium Ratings (2.1-4.0),2,0.002024079418,7.66E-04,0.001782574193,0.27
Electronics|HomeAudio|Speakers|OutdoorSpeakers,High Ratings (4.1-5.0),3,0.05387719055,0.0104440544,0.05088401153,0.55
Computers&Accessories|Accessories&Peripherals|LaptopAccessories|Lapdesks,Medium Ratings (2.1-4.0),8,0.01506199537,0.001744747672,0.01381224436,0.625
"Home&Kitchen|Heating,Cooling&AirQuality|WaterHeaters&Geysers|StorageWaterHeaters",Medium Ratings (2.1-4.0),3,0.006103430605,0.006525610305,0.005606115296,0.46
Computers&Accessories|NetworkingDevices|NetworkAdapters|WirelessUSBAdapters,High Ratings (4.1-5.0),13,0.1214190121,0.01596522794,0.1178304349,0.49
"Computers&Accessories|Accessories&Peripherals|TabletAccessories|Bags,Cases&Sleeves|Cases",High Ratings (4.1-5.0),2,0.01895388105,0.001787595022,0.01860288329,0.705
Computers&Accessories|ExternalDevices&DataStorage|ExternalSolidStateDrives,High Ratings (4.1-5.0),1,0.09695695044,0.1730419288,0.09695694744,0.68
"Home&Kitchen|Heating,Cooling&AirQuality|RoomHeaters|FanHeaters",High Ratings (4.1-5.0),8,0.004295859224,0.001631476269,0.004057975684,0.415
Computers&Accessories|Accessories&Peripherals|Audio&VideoAccessories|PCMicrophones,Medium Ratings (2.1-4.0),2,0.0179999406,0.002617213254,0.01605964743,0.565
Computers&Accessories|Accessories&Peripherals|Cables&Accessories|Cables|EthernetCables,High Ratings (4.1-5.0),2,0.01926117161,8.67E-04,0.01926117157,0.54
"Computers&Accessories|Accessories&Peripherals|Keyboards,Mice&InputDevices|Keyboard&MiceAccessories|DustCovers",Medium Ratings (2.1-4.0),2,0.01918875326,1.94E-04,0.01580547338,0.875
"Home&Kitchen|Heating,Cooling&AirQuality|WaterHeaters&Geysers|ImmersionRods",Medium Ratings (2.1-4.0),1,0.006462512107,3.72E-04,0.005744454912,0.34
"Home&Kitchen|Kitchen&HomeAppliances|Coffee,Tea&Espresso|StovetopEspressoPots",High Ratings (4.1-5.0),1,0.001319010378,1.36E-04,0.001270158077,0.54
"Computers&Accessories|Accessories&Peripherals|Keyboards,Mice&InputDevices|Keyboards",High Ratings (4.1-5.0),3,0.05254411091,0.01579274164,0.05237552661,0.3566666667
Home&Kitchen|Kitchen&HomeAppliances|SmallKitchenAppliances|OvenToasterGrills,High Ratings (4.1-5.0),2,0.0210809849,0.0196646024,0.0205430878,0.095
"Computers&Accessories|Printers,Inks&Accessories|Printers",Medium Ratings (2.1-4.0),3,0.02192591253,0.01721787538,0.01874567224,0.1366666667
"Computers&Accessories|Accessories&Peripherals|Keyboards,Mice&InputDevices|GraphicTablets",High Ratings (4.1-5.0),5,0.007458519306,0.00367161123,0.007396612616,0.594
Home&Kitchen|CraftMaterials|DrawingMaterials|DrawingMedia|Pencils|WoodenPencils,High Ratings (4.1-5.0),1,0.01152659642,1.96E-04,0.01131314085,0
Computers&Accessories|Accessories&Peripherals|USBGadgets|Lamps,High Ratings (4.1-5.0),2,0.002045530649,9.50E-05,0.002002661614,0.4
Electronics|HomeAudio|Speakers|SoundbarSpeakers,High Ratings (4.1-5.0),1,0.01015190869,0.008718252413,0.009775910585,0.6
Computers&Accessories|Accessories&Peripherals|PCGamingPeripherals|GamingMice,High Ratings (4.1-5.0),6,0.02576175963,0.004095346774,0.02575670587,0.335
Home&Kitchen|Kitchen&HomeAppliances|SmallKitchenAppliances|WaffleMakers&Irons,Medium Ratings (2.1-4.0),2,0.00213335831,3.94E-04,0.001952227474,0.525
"Home&Kitchen|Kitchen&HomeAppliances|Coffee,Tea&Espresso|EspressoMachines",Medium Ratings (2.1-4.0),1,0.007919651296,0.006529131796,0.007186349882,0.17
Home&Kitchen|Kitchen&HomeAppliances|SewingMachines&Accessories|Sewing&EmbroideryMachines,Medium Ratings (2.1-4.0),3,0.003465250003,7.26E-04,0.002813871938,0.4766666667
Home&Kitchen|Kitchen&HomeAppliances|SmallKitchenAppliances|MixerGrinders,High Ratings (4.1-5.0),9,0.02878156685,0.0175588493,0.02782254848,0.3788888889
Computers&Accessories|Accessories&Peripherals|Cables&Accessories|CableConnectionProtectors,High Ratings (4.1-5.0),1,0.01909802366,3.25E-04,0.01803702045,0.9
Computers&Accessories|Accessories&Peripherals|Cables&Accessories|Cables|USBCables,High Ratings (4.1-5.0),158,0.04115904481,0.002581541091,0.04017364202,0.5699367089
"Electronics|HomeTheater,TV&Video|Accessories|RemoteControls",Medium Ratings (2.1-4.0),39,0.001184514775,6.85E-05,0.001043121292,0.5884615385
"Home&Kitchen|Kitchen&HomeAppliances|Vacuum,Cleaning&Ironing|Irons,Steamers&Accessories|Irons|DryIrons",Medium Ratings (2.1-4.0),5,0.01031329871,0.001122466531,0.009418727222,0.428
Computers&Accessories|Accessories&Peripherals|TabletAccessories|ScreenProtectors,High Ratings (4.1-5.0),4,0.01579908808,0.002506498255,0.01570418309,0.615
Home&Kitchen|Kitchen&HomeAppliances|SmallKitchenAppliances|Kettles&HotWaterDispensers|Kettle&ToasterSets,High Ratings (4.1-5.0),5,0.02070191579,0.002994211199,0.01993876745,0.426
Home&Kitchen|Kitchen&HomeAppliances|SmallKitchenAppliances|StandMixers,High Ratings (4.1-5.0),1,0.001222240474,0.001259604367,0.001199606324,0.48
"Home&Kitchen|Kitchen&HomeAppliances|Vacuum,Cleaning&Ironing|Irons,Steamers&Accessories|Irons|SteamIrons",Medium Ratings (2.1-4.0),6,0.00456297037,0.002884955954,0.004047498858,0.2783333333
Home&Kitchen|Kitchen&HomeAppliances|SmallKitchenAppliances|Rice&PastaCookers,Medium Ratings (2.1-4.0),2,0.01363560249,0.006285605043,0.01186802379,0.38
Computers&Accessories|ExternalDevices&DataStorage|PenDrives,High Ratings (4.1-5.0),10,0.1767593602,0.01711346078,0.1730486156,0.569
Computers&Accessories|NetworkingDevices|NetworkAdapters|WirelessUSBAdapters,Medium Ratings (2.1-4.0),5,0.01046765157,4.78E-04,0.008873543016,0.494
Home&Kitchen|Kitchen&HomeAppliances|SmallKitchenAppliances|YogurtMakers,High Ratings (4.1-5.0),1,0.001215586764,1.23E-04,0.001148054008,0.55
Computers&Accessories|NetworkingDevices|Repeaters&Extenders,High Ratings (4.1-5.0),3,0.1657116616,0.04475254678,0.1595741766,0.5433333333
"Home&Kitchen|Kitchen&HomeAppliances|Coffee,Tea&Espresso|DripCoffeeMachines",Medium Ratings (2.1-4.0),1,3.79E-04,1.95E-04,3.51E-04,0.17
Home&Kitchen|Kitchen&HomeAppliances|SmallKitchenAppliances|VacuumSealers,Medium Ratings (2.1-4.0),5,0.0014743321,3.51E-04,0.001326362197,0.348
Home&Kitchen|Kitchen&HomeAppliances|SmallKitchenAppliances|InductionCooktop,High Ratings (4.1-5.0),6,0.03331755593,0.01544488962,0.03187214746,0.4433333333
"Home&Kitchen|Kitchen&HomeAppliances|Vacuum,Cleaning&Ironing|Vacuums&FloorCare|VacuumAccessories|VacuumBags|HandheldBags",High Ratings (4.1-5.0),1,0.006097468799,2.65E-04,0.0059845526,0.49
Computers&Accessories|Accessories&Peripherals|Cables&Accessories|CableConnectionProtectors,Medium Ratings (2.1-4.0),2,0.002972297801,5.06E-05,0.002752127453,0.9
Home&Kitchen|Kitchen&HomeAppliances|SewingMachines&Accessories|Sewing&EmbroideryMachines,High Ratings (4.1-5.0),1,0.03032941406,0.05105572079,0.02976775573,0.19
"Electronics|Headphones,Earbuds&Accessories|Adapters",Medium Ratings (2.1-4.0),2,0.01347482479,2.78E-04,0.01222715579,0.88
Electronics|Mobiles&Accessories|MobileAccessories|Photo&VideoAccessories|Tripods,Medium Ratings (2.1-4.0),1,0.02962844361,0.002743444729,0.026336391,0.66
Computers&Accessories|Accessories&Peripherals|PCGamingPeripherals|Headsets,High Ratings (4.1-5.0),1,0.03258620994,0.01114001017,0.03198276194,0.34
"Electronics|HomeTheater,TV&Video|Televisions|SmartTelevisions",Medium Ratings (2.1-4.0),6,0.004260195931,0.01037212876,0.003887260283,0.5166666667
Home&Kitchen|Kitchen&HomeAppliances|SmallKitchenAppliances|Kettles&HotWaterDispensers|ElectricKettles,Medium Ratings (2.1-4.0),11,0.05282123632,0.007013089404,0.04787572869,0.3963636364
Computers&Accessories|Accessories&Peripherals|Cables&Accessories|Cables|USBCables,Medium Ratings (2.1-4.0),75,0.01918980638,5.94E-04,0.01760105725,0.644
Computers&Accessories|Accessories&Peripherals|PCGamingPeripherals|GamingKeyboards,High Ratings (4.1-5.0),3,0.004929486351,0.001254303805,0.004875785113,0.39
Computers&Accessories|NetworkingDevices|Routers,High Ratings (4.1-5.0),8,0.08520552143,0.0219036627,0.08301398888,0.4425
Home&Kitchen|Kitchen&HomeAppliances|WaterPurifiers&Accessories|WaterCartridges,High Ratings (4.1-5.0),2,0.02330693361,0.003822377606,0.02228638065,0.015
"OfficeProducts|OfficePaperProducts|Paper|Stationery|Notebooks,WritingPads&Diaries|WireboundNotebooks",High Ratings (4.1-5.0),4,0.01663525962,3.99E-04,0.01659491257,0.0575
"Home&Kitchen|Heating,Cooling&AirQuality|Fans|CeilingFans",High Ratings (4.1-5.0),7,0.02529040057,0.01076655443,0.02445930126,0.3814285714
Electronics|HomeAudio|Speakers|MultimediaSpeakerSystems,Medium Ratings (2.1-4.0),1,0.01399588179,0.001199774073,0.01269996665,0.38
Computers&Accessories|NetworkingDevices|NetworkAdapters|BluetoothAdapters,High Ratings (4.1-5.0),1,0.2177052711,0.02240239309,0.2136736968,0.33
Home&Kitchen|Kitchen&HomeAppliances|WaterPurifiers&Accessories|WaterFilters&Purifiers,Medium Ratings (2.1-4.0),5,0.02444769267,0.03623641956,0.02215479798,0.304
Home&Kitchen|Kitchen&HomeAppliances|SmallKitchenAppliances|Juicers,High Ratings (4.1-5.0),1,0.006431639918,0.007180701876,0.006312535221,0.28
Home&Kitchen|Kitchen&HomeAppliances|SmallKitchenAppliances|DigitalKitchenScales|DigitalScales,High Ratings (4.1-5.0),2,0.01110316109,0.001523254222,0.01089754693,0.235
Computers&Accessories|Accessories&Peripherals|Cables&Accessories|Cables|DVICables,High Ratings (4.1-5.0),1,0.05896626048,0.005054785944,0.05896625874,0.55
Electronics|Mobiles&Accessories|MobileAccessories|AutomobileAccessories|Cradles,Medium Ratings (2.1-4.0),3,0.04791945009,0.003503480706,0.04377528603,0.6033333333
"Home&Kitchen|Heating,Cooling&AirQuality|RoomHeaters|FanHeaters",Medium Ratings (2.1-4.0),11,0.003852170347,8.22E-04,0.003554355944,0.4263636364
"Home&Kitchen|Heating,Cooling&AirQuality|WaterHeaters&Geysers|StorageWaterHeaters",High Ratings (4.1-5.0),9,0.01455347136,0.01655699175,0.01396262094,0.4477777778
"Home&Kitchen|Kitchen&HomeAppliances|Vacuum,Cleaning&Ironing|Vacuums&FloorCare|Vacuums|CanisterVacuums",Medium Ratings (2.1-4.0),1,0.06836226923,0.03287138456,0.06203242444,0.26
"Home&Kitchen|Kitchen&HomeAppliances|Coffee,Tea&Espresso|MilkFrothers",Medium Ratings (2.1-4.0),2,6.04E-04,2.38E-05,5.12E-04,0.485
Electronics|Mobiles&Accessories|MobileAccessories|StylusPens,High Ratings (4.1-5.0),5,0.01993121558,0.007277111699,0.01956466115,0.644
Electronics|Mobiles&Accessories|MobileAccessories|Mounts|Bedstand&DeskMounts,Medium Ratings (2.1-4.0),1,0.006369255199,2.75E-04,0.005543610722,0.75
Computers&Accessories|Accessories&Peripherals|Audio&VideoAccessories|PCHeadsets,Medium Ratings (2.1-4.0),1,0.01345465106,0.001500084662,0.01121220864,0.35
"Home&Kitchen|Heating,Cooling&AirQuality|Fans|TableFans",Medium Ratings (2.1-4.0),1,8.03E-04,3.31E-04,7.14E-04,0.43
"Home&Kitchen|Heating,Cooling&AirQuality|Fans|PedestalFans",High Ratings (4.1-5.0),1,0.01281712885,0.004365932781,0.01210506503,0.4
Electronics|HomeAudio|MediaStreamingDevices|StreamingClients,High Ratings (4.1-5.0),1,5.37E-04,4.33E-04,5.46E-04,0
Computers&Accessories|Accessories&Peripherals|LaptopAccessories|CoolingPads,High Ratings (4.1-5.0),1,0.06134739359,0.01052834828,0.05907526349,0.5
"OfficeProducts|OfficePaperProducts|Paper|Stationery|Notebooks,WritingPads&Diaries|CompositionNotebooks",High Ratings (4.1-5.0),7,0.007850621177,2.79E-04,0.007889650659,0.12
Home&Kitchen|Kitchen&HomeAppliances|SmallKitchenAppliances|Kettles&HotWaterDispensers|Kettle&ToasterSets,Medium Ratings (2.1-4.0),8,0.005787610479,0.001116362576,0.005283177855,0.4525
"Electronics|HomeTheater,TV&Video|Televisions|StandardTelevisions",Medium Ratings (2.1-4.0),2,0.003167541145,0.004333566989,0.002815591837,0.545
"Home&Kitchen|Heating,Cooling&AirQuality|RoomHeaters|HalogenHeaters",Medium Ratings (2.1-4.0),2,0.001091696691,3.07E-04,9.38E-04,0.295
"Home&Kitchen|Heating,Cooling&AirQuality|RoomHeaters|ElectricHeaters",Medium Ratings (2.1-4.0),13,0.003533481154,8.02E-04,0.003088664126,0.39
"Home&Kitchen|Heating,Cooling&AirQuality|Fans|ExhaustFans",High Ratings (4.1-5.0),2,0.02290439166,0.005428828932,0.02179340384,0.24
Electronics|Mobiles&Accessories|MobileAccessories|Chargers|WallChargers,Medium Ratings (2.1-4.0),7,0.01542349419,0.00133091226,0.01425615679,0.6085714286
Electronics|Cameras&Photography|Accessories|Tripods&Monopods|CompleteTripodUnits,High Ratings (4.1-5.0),1,0.03545189306,0.009433861129,0.03545189253,0.38
Computers&Accessories|Accessories&Peripherals|HardDiskBags,Medium Ratings (2.1-4.0),1,0.006440688287,4.39E-04,0.00596359996,0.56
Electronics|Mobiles&Accessories|MobileAccessories|Décor,High Ratings (4.1-5.0),5,0.007851167085,1.47E-04,0.007463403753,0.732
Home&Kitchen|CraftMaterials|PaintingMaterials|Paints,High Ratings (4.1-5.0),3,0.01825929824,7.07E-04,0.01834626777,0.09333333333
Home&Kitchen|Kitchen&HomeAppliances|SmallKitchenAppliances|Rice&PastaCookers,High Ratings (4.1-5.0),3,0.005993707714,0.002731783836,0.005712335751,0.2766666667
"Electronics|Headphones,Earbuds&Accessories|Headphones|Over-Ear",High Ratings (4.1-5.0),1,0.120450021,0.0372251691,0.1137583405,0.64
"Electronics|HomeTheater,TV&Video|AVReceivers&Amplifiers",Medium Ratings (2.1-4.0),1,0.001909850378,6.53E-04,0.001768379889,0.36
HomeImprovement|Electrical|CordManagement,High Ratings (4.1-5.0),1,0.01433585432,6.13E-04,0.01460133236,0.58
"OfficeProducts|OfficePaperProducts|Paper|Stationery|Pens,Pencils&WritingSupplies|Pens&Refills|BottledInk",High Ratings (4.1-5.0),2,0.007045048942,1.15E-04,0.006914584688,0.05
Electronics|GeneralPurposeBatteries&BatteryChargers|RechargeableBatteries,High Ratings (4.1-5.0),2,0.04450419928,0.003234323754,0.0436800503,0.2
Home&Kitchen|Kitchen&HomeAppliances|SmallKitchenAppliances|SmallApplianceParts&Accessories|StandMixerAccessories,High Ratings (4.1-5.0),1,0.01045999715,0.001141048032,0.01026629347,0
"Home&Kitchen|Heating,Cooling&AirQuality|WaterHeaters&Geysers|InstantWaterHeaters",Medium Ratings (2.1-4.0),12,0.004836238356,0.00253939108,0.004415592092,0.5133333333
Computers&Accessories|ExternalDevices&DataStorage|ExternalMemoryCardReaders,High Ratings (4.1-5.0),1,0.01775681899,0.001674696658,0.01742798904,0.45
"Computers&Accessories|Accessories&Peripherals|Keyboards,Mice&InputDevices|Keyboard&MouseSets",Medium Ratings (2.1-4.0),4,0.02013473601,0.002479398555,0.01781284232,0.3525
Computers&Accessories|Accessories&Peripherals|TabletAccessories|Stands,High Ratings (4.1-5.0),1,0.05588425274,0.001430455538,0.05277956494,0.7
Electronics|HomeAudio|Speakers|OutdoorSpeakers,Medium Ratings (2.1-4.0),1,8.23E-04,1.13E-04,7.17E-04,0.6
Electronics|Mobiles&Accessories|MobileAccessories|Chargers|PowerBanks,High Ratings (4.1-5.0),7,0.1933525801,0.04905272264,0.1893041883,0.3085714286
Computers&Accessories|Accessories&Peripherals|LaptopAccessories|CoolingPads,Medium Ratings (2.1-4.0),1,0.01618369311,0.001665340682,0.01498490026,0.4
Electronics|Mobiles&Accessories|Smartphones&BasicMobiles|Smartphones,High Ratings (4.1-5.0),49,0.1003287251,0.1976640761,0.09512051466,0.2342857143
Home&Kitchen|Kitchen&HomeAppliances|SmallKitchenAppliances|RotiMakers,High Ratings (4.1-5.0),1,9.09E-04,3.12E-04,9.09E-04,0.33
"Electronics|HomeTheater,TV&Video|Accessories|Cables|SpeakerCables",High Ratings (4.1-5.0),1,0.02831795091,0.001941034911,0.02831795234,0.5
Electronics|PowerAccessories|SurgeProtectors,High Ratings (4.1-5.0),1,0.04950600453,0.01096249571,0.05042277981,0.14
"Electronics|HomeTheater,TV&Video|Accessories|Cables|OpticalCables",Medium Ratings (2.1-4.0),1,0.00759043099,0.00142001506,0.007028176482,0.32
"OfficeProducts|OfficePaperProducts|Paper|Stationery|Pens,Pencils&WritingSupplies|Pens&Refills|RetractableBallpointPens",High Ratings (4.1-5.0),2,0.009348765773,6.25E-04,0.009175640439,0.175
"Home&Kitchen|Kitchen&HomeAppliances|Coffee,Tea&Espresso|CoffeeMakerAccessories|MeasuringSpoons",High Ratings (4.1-5.0),3,0.008442695688,2.78E-04,0.008107982789,0.5633333333
"Computers&Accessories|Accessories&Peripherals|Keyboards,Mice&InputDevices|Keyboard&MiceAccessories|MousePads",High Ratings (4.1-5.0),8,0.009430026074,6.93E-04,0.009433721573,0.6125
Electronics|Mobiles&Accessories|MobileAccessories|Cases&Covers|BasicCases,Medium Ratings (2.1-4.0),1,0.01009218594,3.45E-04,0.009344616136,0.9
Electronics|Cameras&Photography|Accessories|Cleaners|CleaningKits,High Ratings (4.1-5.0),1,0.05462044332,0.002805595454,0.05259746321,0.4
"Computers&Accessories|Printers,Inks&Accessories|Printers|InkjetPrinters",Medium Ratings (2.1-4.0),2,0.01471952772,0.01192324204,0.01226727741,0.115
Electronics|Mobiles&Accessories|MobileAccessories|Cables&Adapters|OTGAdapters,High Ratings (4.1-5.0),2,0.02179020687,5.20E-04,0.02128378219,0.72
"Home&Kitchen|Kitchen&HomeAppliances|Vacuum,Cleaning&Ironing|Vacuums&FloorCare|Vacuums|Wet-DryVacuums",High Ratings (4.1-5.0),3,0.0126397168,0.01453113125,0.01212372732,0.3566666667
Home&Kitchen|Kitchen&HomeAppliances|WaterPurifiers&Accessories|WaterFilters&Purifiers,High Ratings (4.1-5.0),7,0.00628157203,0.01053320882,0.006211360441,0.5114285714
"Home&Kitchen|Kitchen&HomeAppliances|Vacuum,Cleaning&Ironing|Irons,Steamers&Accessories|Irons|DryIrons",High Ratings (4.1-5.0),19,0.02743012642,0.003539877931,0.02635135888,0.32
"Computers&Accessories|Printers,Inks&Accessories|Inks,Toners&Cartridges|TonerCartridges",High Ratings (4.1-5.0),1,0.005532338323,5.68E-04,0.005224985729,0.48
"Computers&Accessories|Accessories&Peripherals|Keyboards,Mice&InputDevices|Keyboards",Medium Ratings (2.1-4.0),2,0.03542293392,0.001986088605,0.03028993249,0.34
Electronics|HomeAudio|Accessories|SpeakerAccessories|Mounts,Medium Ratings (2.1-4.0),1,0.007015559638,4.21E-04,0.006495888221,0.73
Computers&Accessories|Accessories&Peripherals|HardDiskBags,High Ratings (4.1-5.0),2,0.04141229497,0.001848000943,0.04217918715,0.535
Computers&Accessories|Accessories&Peripherals|UninterruptedPowerSupplies,Medium Ratings (2.1-4.0),1,0.0327643152,0.01856872313,0.0297305823,0.2
Computers&Accessories|Accessories&Peripherals|PCGamingPeripherals|Headsets,Medium Ratings (2.1-4.0),2,0.01611752968,0.002233585187,0.01484711252,0.68
Home&Kitchen|HomeStorage&Organization|LaundryOrganization|LaundryBags,High Ratings (4.1-5.0),1,0.008598158644,4.73E-04,0.008279707427,0.6
Computers&Accessories|Accessories&Peripherals|Cables&Accessories|Cables|SATACables,Medium Ratings (2.1-4.0),1,0.001696030173,1.02E-04,0.001538990263,0.65
Home&Kitchen|HomeStorage&Organization|LaundryOrganization|IroningAccessories|SprayBottles,High Ratings (4.1-5.0),2,0.003290765605,1.03E-04,0.003164601273,0.47
Home&Kitchen|Kitchen&HomeAppliances|WaterPurifiers&Accessories|WaterPurifierAccessories,High Ratings (4.1-5.0),5,0.008353136264,9.33E-04,0.007952666188,0.222
Electronics|Cameras&Photography|Accessories|Tripods&Monopods|TripodLegs,High Ratings (4.1-5.0),1,0.01492493777,8.95E-04,0.01437216057,0.65
"Home&Kitchen|Kitchen&HomeAppliances|Vacuum,Cleaning&Ironing|Vacuums&FloorCare|Vacuums|HandheldVacuums",High Ratings (4.1-5.0),2,0.003771156064,0.004534288044,0.003561646916,0.345
"Electronics|HomeTheater,TV&Video|SatelliteEquipment|SatelliteReceivers",High Ratings (4.1-5.0),3,0.008514678453,0.001688676513,0.008311459095,0.5133333333
"OfficeProducts|OfficePaperProducts|Paper|Stationery|Pens,Pencils&WritingSupplies|Pens&Refills|GelInkRollerballPens",High Ratings (4.1-5.0),2,0.009566072732,1.83E-04,0.009334522669,0
Electronics|Mobiles&Accessories|MobileAccessories|Photo&VideoAccessories|SelfieSticks,Medium Ratings (2.1-4.0),2,0.007200795963,4.94E-04,0.006667403327,0.8